account_id,client_id,account_type,currency,date_eff
5727354,619984,CHEQUE,USD,2026-10-11T00:00:00
1348059,492809,EPARGNE,USD,2026-10-11T00:00:00
5667311,362121,CHEQUE,CAD,2026-10-11T00:00:00
2131124,220955,EPARGNE,USD,2026-10-11T00:00:00
3859508,490776,EPARGNE,USD,2026-10-11T00:00:00
5545551,209481,EPARGNE,CAD,2026-10-11T00:00:00
7093449,937754,CHEQUE,USD,2026-10-11T00:00:00
6491278,606525,CHEQUE,USD,2026-10-11T00:00:00
5456461,791126,EPARGNE,USD,2026-10-11T00:00:00
5870244,847347,CHEQUE,CAD,2026-10-11T00:00:00
5948924,249155,CHEQUE,CAD,2026-10-11T00:00:00
3537321,478037,CHEQUE,CAD,2026-10-11T00:00:00
9341118,306079,CHEQUE,CAD,2026-10-11T00:00:00
3782177,793106,CHEQUE,CAD,2026-10-11T00:00:00
3590399,568890,CHEQUE,CAD,2026-10-11T00:00:00
3344596,806375,EPARGNE,CAD,2026-10-11T00:00:00
7100728,377852,CHEQUE,CAD,2026-10-11T00:00:00
6066126,953828,EPARGNE,CAD,2026-10-11T00:00:00
5536951,306617,EPARGNE,CAD,2026-10-11T00:00:00
3779522,680931,CHEQUE,CAD,2026-10-11T00:00:00
6614852,143316,EPARGNE,CAD,2026-10-11T00:00:00
8716499,676553,CHEQUE,USD,2026-10-11T00:00:00
5038681,866018,CHEQUE,USD,2026-10-11T00:00:00
8785452,259674,EPARGNE,USD,2026-10-11T00:00:00
6897865,837736,CHEQUE,USD,2026-10-11T00:00:00
6091701,848445,CHEQUE,CAD,2026-10-11T00:00:00
6230184,202247,EPARGNE,USD,2026-10-11T00:00:00
4935271,322226,CHEQUE,CAD,2026-10-11T00:00:00
4592068,428541,CHEQUE,USD,2026-10-11T00:00:00
7885187,213586,CHEQUE,CAD,2026-10-11T00:00:00
5499638,994408,EPARGNE,USD,2026-10-11T00:00:00
7225724,139281,EPARGNE,USD,2026-10-11T00:00:00
7438664,879592,CHEQUE,USD,2026-10-11T00:00:00
1944971,708157,EPARGNE,CAD,2026-10-11T00:00:00
6197253,644943,EPARGNE,CAD,2026-10-11T00:00:00
8473515,833782,EPARGNE,CAD,2026-10-11T00:00:00
6375781,295956,CHEQUE,USD,2026-10-11T00:00:00
8698044,115193,CHEQUE,USD,2026-10-11T00:00:00
9575978,706855,CHEQUE,USD,2026-10-11T00:00:00
4693351,220579,CHEQUE,USD,2026-10-11T00:00:00
3820207,995897,EPARGNE,CAD,2026-10-11T00:00:00
5186083,556601,CHEQUE,CAD,2026-10-11T00:00:00
2656121,673129,EPARGNE,CAD,2026-10-11T00:00:00
9125766,722235,EPARGNE,USD,2026-10-11T00:00:00
3660047,237839,CHEQUE,USD,2026-10-11T00:00:00
2748898,510910,EPARGNE,CAD,2026-10-11T00:00:00
7646789,695927,CHEQUE,USD,2026-10-11T00:00:00
7768318,857611,CHEQUE,USD,2026-10-11T00:00:00
7534374,222723,CHEQUE,USD,2026-10-11T00:00:00
8733157,850792,CHEQUE,USD,2026-10-11T00:00:00
7089002,846838,CHEQUE,CAD,2026-10-11T00:00:00
9846716,834720,EPARGNE,CAD,2026-10-11T00:00:00
4254209,336064,CHEQUE,CAD,2026-10-11T00:00:00
5066060,292773,EPARGNE,USD,2026-10-11T00:00:00
5554548,969024,CHEQUE,USD,2026-10-11T00:00:00
4304403,857974,CHEQUE,CAD,2026-10-11T00:00:00
1025675,675437,CHEQUE,CAD,2026-10-11T00:00:00
6665400,205223,CHEQUE,USD,2026-10-11T00:00:00
5382071,622493,EPARGNE,CAD,2026-10-11T00:00:00
1790631,687876,EPARGNE,CAD,2026-10-11T00:00:00
1426627,230325,CHEQUE,USD,2026-10-11T00:00:00
4239955,128884,EPARGNE,CAD,2026-10-11T00:00:00
3999430,577250,EPARGNE,USD,2026-10-11T00:00:00
1805627,161122,EPARGNE,CAD,2026-10-11T00:00:00
7462609,580721,EPARGNE,CAD,2026-10-11T00:00:00
5991550,361721,EPARGNE,USD,2026-10-11T00:00:00
8521038,946209,EPARGNE,CAD,2026-10-11T00:00:00
8421835,996136,CHEQUE,CAD,2026-10-11T00:00:00
8376037,698371,CHEQUE,CAD,2026-10-11T00:00:00
4699661,392075,EPARGNE,CAD,2026-10-11T00:00:00
6007478,767367,CHEQUE,USD,2026-10-11T00:00:00
6983950,948741,CHEQUE,USD,2026-10-11T00:00:00
3706778,781607,CHEQUE,CAD,2026-10-11T00:00:00
8466640,930210,EPARGNE,CAD,2026-10-11T00:00:00
1948013,626311,CHEQUE,CAD,2026-10-11T00:00:00
5567167,906693,EPARGNE,USD,2026-10-11T00:00:00
9301651,868674,EPARGNE,CAD,2026-10-11T00:00:00
8014986,468370,CHEQUE,USD,2026-10-11T00:00:00
5154021,741451,EPARGNE,CAD,2026-10-11T00:00:00
6468568,784434,CHEQUE,USD,2026-10-11T00:00:00
2729047,286324,CHEQUE,CAD,2026-10-11T00:00:00
2744729,885264,CHEQUE,CAD,2026-10-11T00:00:00
7682141,161542,CHEQUE,CAD,2026-10-11T00:00:00
9529844,911883,CHEQUE,USD,2026-10-11T00:00:00
7843947,502501,CHEQUE,USD,2026-10-11T00:00:00
4503215,713580,CHEQUE,CAD,2026-10-11T00:00:00
2502728,938111,CHEQUE,CAD,2026-10-11T00:00:00
1073934,891372,EPARGNE,USD,2026-10-11T00:00:00
1980940,700970,CHEQUE,USD,2026-10-11T00:00:00
9740673,267196,EPARGNE,USD,2026-10-11T00:00:00
5647379,416678,EPARGNE,CAD,2026-10-11T00:00:00
4778672,690345,EPARGNE,USD,2026-10-11T00:00:00
6925847,991677,EPARGNE,USD,2026-10-11T00:00:00
4057255,505776,EPARGNE,USD,2026-10-11T00:00:00
3539933,447254,EPARGNE,USD,2026-10-11T00:00:00
5449838,922641,CHEQUE,USD,2026-10-11T00:00:00
9575143,338195,CHEQUE,CAD,2026-10-11T00:00:00
7100488,677089,EPARGNE,USD,2026-10-11T00:00:00
5218131,172172,CHEQUE,USD,2026-10-11T00:00:00
8113537,934203,EPARGNE,USD,2026-10-11T00:00:00
1243938,161293,EPARGNE,USD,2026-10-11T00:00:00
6299600,627559,CHEQUE,CAD,2026-10-11T00:00:00
9036349,180529,EPARGNE,USD,2026-10-11T00:00:00
9210317,425083,CHEQUE,CAD,2026-10-11T00:00:00
2208101,796662,EPARGNE,USD,2026-10-11T00:00:00
1160813,716732,CHEQUE,CAD,2026-10-11T00:00:00
1207179,461407,EPARGNE,CAD,2026-10-11T00:00:00
6371066,521965,EPARGNE,USD,2026-10-11T00:00:00
2526407,625895,CHEQUE,USD,2026-10-11T00:00:00
7899037,347527,CHEQUE,CAD,2026-10-11T00:00:00
3701946,904617,CHEQUE,CAD,2026-10-11T00:00:00
5312702,297047,EPARGNE,USD,2026-10-11T00:00:00
3470359,304815,EPARGNE,USD,2026-10-11T00:00:00
7229273,517077,CHEQUE,CAD,2026-10-11T00:00:00
6820419,870484,EPARGNE,CAD,2026-10-11T00:00:00
7900879,447525,EPARGNE,CAD,2026-10-11T00:00:00
2126435,764990,EPARGNE,CAD,2026-10-11T00:00:00
7921951,659742,CHEQUE,USD,2026-10-11T00:00:00
3632512,168156,EPARGNE,USD,2026-10-11T00:00:00
8468765,153609,CHEQUE,CAD,2026-10-11T00:00:00
1390724,459732,EPARGNE,CAD,2026-10-11T00:00:00
6048449,176474,EPARGNE,CAD,2026-10-11T00:00:00
1249540,670281,EPARGNE,CAD,2026-10-11T00:00:00
8566988,361653,EPARGNE,CAD,2026-10-11T00:00:00
9851609,427774,EPARGNE,CAD,2026-10-11T00:00:00
3345399,169757,CHEQUE,USD,2026-10-11T00:00:00
2944804,613288,EPARGNE,USD,2026-10-11T00:00:00
7869630,110325,EPARGNE,CAD,2026-10-11T00:00:00
8747401,438414,CHEQUE,USD,2026-10-11T00:00:00
4533025,155228,CHEQUE,CAD,2026-10-11T00:00:00
1035042,429084,CHEQUE,CAD,2026-10-11T00:00:00
1604521,130516,CHEQUE,USD,2026-10-11T00:00:00
9660664,633178,CHEQUE,CAD,2026-10-11T00:00:00
8740039,268800,CHEQUE,USD,2026-10-11T00:00:00
3468009,669158,EPARGNE,USD,2026-10-11T00:00:00
1428841,948995,EPARGNE,CAD,2026-10-11T00:00:00
7868430,909099,CHEQUE,USD,2026-10-11T00:00:00
9130994,154454,CHEQUE,CAD,2026-10-11T00:00:00
3464422,793063,EPARGNE,CAD,2026-10-11T00:00:00
3889177,335951,EPARGNE,USD,2026-10-11T00:00:00
6695071,749850,CHEQUE,CAD,2026-10-11T00:00:00
3415546,718125,EPARGNE,USD,2026-10-11T00:00:00
1692241,848146,CHEQUE,CAD,2026-10-11T00:00:00
7647008,848341,EPARGNE,USD,2026-10-11T00:00:00
4868984,760623,CHEQUE,CAD,2026-10-11T00:00:00
7799672,233655,EPARGNE,CAD,2026-10-11T00:00:00
8872301,849902,CHEQUE,USD,2026-10-11T00:00:00
7299833,724498,CHEQUE,CAD,2026-10-11T00:00:00
4731921,333198,EPARGNE,CAD,2026-10-11T00:00:00
6858101,641813,CHEQUE,CAD,2026-10-11T00:00:00
3348699,412679,EPARGNE,USD,2026-10-11T00:00:00
5370178,644609,CHEQUE,USD,2026-10-11T00:00:00
8805793,260878,CHEQUE,CAD,2026-10-11T00:00:00
8728373,377904,EPARGNE,USD,2026-10-11T00:00:00
5525154,641020,CHEQUE,CAD,2026-10-11T00:00:00
4336577,729026,EPARGNE,CAD,2026-10-11T00:00:00
5620424,331878,EPARGNE,USD,2026-10-11T00:00:00
1071843,405522,CHEQUE,CAD,2026-10-11T00:00:00
7856518,626907,EPARGNE,USD,2026-10-11T00:00:00
3286819,547958,CHEQUE,CAD,2026-10-11T00:00:00
9832150,934612,CHEQUE,CAD,2026-10-11T00:00:00
5374053,592999,EPARGNE,USD,2026-10-11T00:00:00
1282901,792329,CHEQUE,CAD,2026-10-11T00:00:00
4947748,157076,EPARGNE,CAD,2026-10-11T00:00:00
7639748,910833,EPARGNE,USD,2026-10-11T00:00:00
7928764,245757,EPARGNE,USD,2026-10-11T00:00:00
3076098,239240,CHEQUE,CAD,2026-10-11T00:00:00
4352556,798719,EPARGNE,USD,2026-10-11T00:00:00
3263677,760223,CHEQUE,USD,2026-10-11T00:00:00
1037949,930874,CHEQUE,USD,2026-10-11T00:00:00
2673511,211006,CHEQUE,USD,2026-10-11T00:00:00
6529185,163173,CHEQUE,USD,2026-10-11T00:00:00
4491600,578285,CHEQUE,USD,2026-10-11T00:00:00
7708094,777287,CHEQUE,USD,2026-10-11T00:00:00
9105704,295125,EPARGNE,USD,2026-10-11T00:00:00
2994219,449618,CHEQUE,USD,2026-10-11T00:00:00
4690907,266412,CHEQUE,CAD,2026-10-11T00:00:00
1487754,292747,EPARGNE,CAD,2026-10-11T00:00:00
3990870,712388,CHEQUE,CAD,2026-10-11T00:00:00
8510283,930254,EPARGNE,CAD,2026-10-11T00:00:00
6876632,719599,CHEQUE,CAD,2026-10-11T00:00:00
9773657,632304,CHEQUE,CAD,2026-10-11T00:00:00
7900504,331526,CHEQUE,USD,2026-10-11T00:00:00
6318635,838780,EPARGNE,USD,2026-10-11T00:00:00
5176366,195039,EPARGNE,USD,2026-10-11T00:00:00
1767136,228190,CHEQUE,USD,2026-10-11T00:00:00
9475821,901005,EPARGNE,USD,2026-10-11T00:00:00
3061981,379252,CHEQUE,CAD,2026-10-11T00:00:00
5436452,618482,CHEQUE,USD,2026-10-11T00:00:00
9154423,779619,EPARGNE,USD,2026-10-11T00:00:00
8181631,305118,CHEQUE,CAD,2026-10-11T00:00:00
7469412,440853,CHEQUE,CAD,2026-10-11T00:00:00
7896466,806857,CHEQUE,CAD,2026-10-11T00:00:00
2633753,757255,CHEQUE,USD,2026-10-11T00:00:00
2141963,479733,EPARGNE,USD,2026-10-11T00:00:00
5999309,464861,CHEQUE,USD,2026-10-11T00:00:00
1993260,725861,EPARGNE,USD,2026-10-11T00:00:00
5413587,975022,EPARGNE,USD,2026-10-11T00:00:00
4031197,860946,CHEQUE,CAD,2026-10-11T00:00:00
5892177,801375,EPARGNE,CAD,2026-10-11T00:00:00
7326391,601636,EPARGNE,USD,2026-10-11T00:00:00
3238591,459276,CHEQUE,CAD,2026-10-11T00:00:00
3015326,659379,CHEQUE,CAD,2026-10-11T00:00:00
1159370,223505,CHEQUE,USD,2026-10-11T00:00:00
5610813,562279,CHEQUE,USD,2026-10-11T00:00:00
2877523,796103,EPARGNE,CAD,2026-10-11T00:00:00
8885254,964409,EPARGNE,CAD,2026-10-11T00:00:00
2205765,205301,EPARGNE,USD,2026-10-11T00:00:00
3465383,669426,EPARGNE,CAD,2026-10-11T00:00:00
4073315,834822,EPARGNE,USD,2026-10-11T00:00:00
4658706,347094,CHEQUE,CAD,2026-10-11T00:00:00
5900164,553441,CHEQUE,USD,2026-10-11T00:00:00
4896178,580485,EPARGNE,CAD,2026-10-11T00:00:00
6328862,781978,CHEQUE,CAD,2026-10-11T00:00:00
7431779,722070,CHEQUE,USD,2026-10-11T00:00:00
9547284,256197,CHEQUE,USD,2026-10-11T00:00:00
3319088,319280,EPARGNE,USD,2026-10-11T00:00:00
1808494,940483,CHEQUE,USD,2026-10-11T00:00:00
5737546,937315,EPARGNE,CAD,2026-10-11T00:00:00
9245225,660873,EPARGNE,USD,2026-10-11T00:00:00
8091378,626496,CHEQUE,CAD,2026-10-11T00:00:00
3743950,652180,CHEQUE,USD,2026-10-11T00:00:00
4097112,281102,EPARGNE,CAD,2026-10-11T00:00:00
4737213,269083,CHEQUE,USD,2026-10-11T00:00:00
4532448,179034,EPARGNE,CAD,2026-10-11T00:00:00
9035583,364416,CHEQUE,USD,2026-10-11T00:00:00
7677412,999723,EPARGNE,CAD,2026-10-11T00:00:00
8021974,444523,CHEQUE,USD,2026-10-11T00:00:00
3320499,957512,EPARGNE,USD,2026-10-11T00:00:00
1194502,984598,EPARGNE,CAD,2026-10-11T00:00:00
5641996,546625,CHEQUE,CAD,2026-10-11T00:00:00
7399306,260904,CHEQUE,CAD,2026-10-11T00:00:00
3777015,609813,EPARGNE,CAD,2026-10-11T00:00:00
7046524,896651,CHEQUE,CAD,2026-10-11T00:00:00
8309742,275042,EPARGNE,CAD,2026-10-11T00:00:00
5584561,933464,CHEQUE,USD,2026-10-11T00:00:00
6680331,981330,CHEQUE,CAD,2026-10-11T00:00:00
3050974,989963,EPARGNE,CAD,2026-10-11T00:00:00
6977249,459089,CHEQUE,USD,2026-10-11T00:00:00
9649247,828768,EPARGNE,USD,2026-10-11T00:00:00
1914490,252914,CHEQUE,USD,2026-10-11T00:00:00
2628927,611716,CHEQUE,USD,2026-10-11T00:00:00
3766343,266264,EPARGNE,CAD,2026-10-11T00:00:00
3265772,237432,EPARGNE,USD,2026-10-11T00:00:00
4779853,584684,CHEQUE,USD,2026-10-11T00:00:00
4028395,292066,EPARGNE,CAD,2026-10-11T00:00:00
9259023,654838,CHEQUE,CAD,2026-10-11T00:00:00
2329624,141003,CHEQUE,USD,2026-10-11T00:00:00
8075535,192056,EPARGNE,USD,2026-10-11T00:00:00
4882412,588564,EPARGNE,USD,2026-10-11T00:00:00
6458137,520019,CHEQUE,USD,2026-10-11T00:00:00
3512760,307006,EPARGNE,USD,2026-10-11T00:00:00
5635413,752261,CHEQUE,USD,2026-10-11T00:00:00
7732766,799285,CHEQUE,USD,2026-10-11T00:00:00
4437470,363366,EPARGNE,USD,2026-10-11T00:00:00
7965286,554638,CHEQUE,CAD,2026-10-11T00:00:00
1363445,765208,EPARGNE,USD,2026-10-11T00:00:00
8703440,577514,EPARGNE,USD,2026-10-11T00:00:00
1148049,421250,EPARGNE,CAD,2026-10-11T00:00:00
7625269,377839,CHEQUE,USD,2026-10-11T00:00:00
5785795,496011,EPARGNE,CAD,2026-10-11T00:00:00
3126889,775742,EPARGNE,CAD,2026-10-11T00:00:00
4726585,387584,CHEQUE,CAD,2026-10-11T00:00:00
2069779,391020,CHEQUE,USD,2026-10-11T00:00:00
8199257,869488,CHEQUE,CAD,2026-10-11T00:00:00
3902227,510905,CHEQUE,USD,2026-10-11T00:00:00
3023483,104752,CHEQUE,USD,2026-10-11T00:00:00
2800813,396416,EPARGNE,CAD,2026-10-11T00:00:00
2986806,290351,CHEQUE,USD,2026-10-11T00:00:00
2576535,116691,EPARGNE,USD,2026-10-11T00:00:00
4259482,335447,CHEQUE,CAD,2026-10-11T00:00:00
5795390,739973,EPARGNE,CAD,2026-10-11T00:00:00
7356499,797009,EPARGNE,CAD,2026-10-11T00:00:00
9641583,388795,CHEQUE,CAD,2026-10-11T00:00:00
8824939,495955,EPARGNE,CAD,2026-10-11T00:00:00
9258945,477110,CHEQUE,USD,2026-10-11T00:00:00
9505145,682044,CHEQUE,CAD,2026-10-11T00:00:00
1715241,513682,EPARGNE,CAD,2026-10-11T00:00:00
5824227,211841,EPARGNE,USD,2026-10-11T00:00:00
8304637,892405,CHEQUE,CAD,2026-10-11T00:00:00
9874699,225560,CHEQUE,CAD,2026-10-11T00:00:00
7994912,755091,EPARGNE,USD,2026-10-11T00:00:00
4604466,380700,EPARGNE,USD,2026-10-11T00:00:00
8997844,276757,EPARGNE,USD,2026-10-11T00:00:00
9439015,863844,EPARGNE,USD,2026-10-11T00:00:00
9155616,458699,CHEQUE,CAD,2026-10-11T00:00:00
7576719,616710,CHEQUE,USD,2026-10-11T00:00:00
2238184,623949,CHEQUE,CAD,2026-10-11T00:00:00
5161975,387102,CHEQUE,CAD,2026-10-11T00:00:00
5254134,410008,EPARGNE,USD,2026-10-11T00:00:00
8469522,486741,EPARGNE,CAD,2026-10-11T00:00:00
2329209,204113,CHEQUE,CAD,2026-10-11T00:00:00
6648862,879895,EPARGNE,CAD,2026-10-11T00:00:00
3359903,177174,CHEQUE,USD,2026-10-11T00:00:00
2606899,381543,CHEQUE,USD,2026-10-11T00:00:00
9872387,691196,EPARGNE,CAD,2026-10-11T00:00:00
9027187,528451,EPARGNE,USD,2026-10-11T00:00:00
4390458,527339,CHEQUE,CAD,2026-10-11T00:00:00
4821407,511033,CHEQUE,USD,2026-10-11T00:00:00
5037164,450395,EPARGNE,USD,2026-10-11T00:00:00
1639717,411479,CHEQUE,USD,2026-10-11T00:00:00
3007890,799522,CHEQUE,USD,2026-10-11T00:00:00
1690075,531116,CHEQUE,CAD,2026-10-11T00:00:00
8212743,340557,CHEQUE,USD,2026-10-11T00:00:00
8471403,234638,CHEQUE,CAD,2026-10-11T00:00:00
5396729,250284,EPARGNE,CAD,2026-10-11T00:00:00
5970352,262356,CHEQUE,CAD,2026-10-11T00:00:00
9121609,805996,EPARGNE,CAD,2026-10-11T00:00:00
5015798,441188,CHEQUE,CAD,2026-10-11T00:00:00
9373702,431649,CHEQUE,USD,2026-10-11T00:00:00
9921991,498459,CHEQUE,USD,2026-10-11T00:00:00
5602886,525851,CHEQUE,USD,2026-10-11T00:00:00
5003734,323599,EPARGNE,USD,2026-10-11T00:00:00
1960958,972299,CHEQUE,USD,2026-10-11T00:00:00
5197084,722632,CHEQUE,USD,2026-10-11T00:00:00
9612522,606925,CHEQUE,USD,2026-10-11T00:00:00
5068279,738010,CHEQUE,CAD,2026-10-11T00:00:00
9060407,210367,CHEQUE,USD,2026-10-11T00:00:00
9365033,746079,EPARGNE,CAD,2026-10-11T00:00:00
8375313,714320,EPARGNE,CAD,2026-10-11T00:00:00
5022072,118831,CHEQUE,USD,2026-10-11T00:00:00
1188732,317938,EPARGNE,CAD,2026-10-11T00:00:00
9743814,595326,EPARGNE,CAD,2026-10-11T00:00:00
8463965,814286,CHEQUE,CAD,2026-10-11T00:00:00
6416378,261834,EPARGNE,CAD,2026-10-11T00:00:00
5016218,524732,CHEQUE,USD,2026-10-11T00:00:00
7347868,390662,CHEQUE,CAD,2026-10-11T00:00:00
5722306,763895,EPARGNE,USD,2026-10-11T00:00:00
4991523,377086,EPARGNE,CAD,2026-10-11T00:00:00
4582714,578230,EPARGNE,USD,2026-10-11T00:00:00
9671382,659927,CHEQUE,CAD,2026-10-11T00:00:00
6535839,303331,EPARGNE,USD,2026-10-11T00:00:00
3151862,561109,EPARGNE,USD,2026-10-11T00:00:00
9100503,604349,EPARGNE,CAD,2026-10-11T00:00:00
6030555,580223,CHEQUE,CAD,2026-10-11T00:00:00
2294947,684970,CHEQUE,CAD,2026-10-11T00:00:00
6185138,603734,EPARGNE,USD,2026-10-11T00:00:00
1076975,683036,CHEQUE,USD,2026-10-11T00:00:00
1065506,564940,EPARGNE,CAD,2026-10-11T00:00:00
4520667,824968,CHEQUE,CAD,2026-10-11T00:00:00
1157739,347134,EPARGNE,CAD,2026-10-11T00:00:00
6294414,726288,CHEQUE,USD,2026-10-11T00:00:00
9335280,945899,CHEQUE,USD,2026-10-11T00:00:00
4362783,961601,EPARGNE,USD,2026-10-11T00:00:00
3289970,515456,CHEQUE,CAD,2026-10-11T00:00:00
9226683,617021,CHEQUE,USD,2026-10-11T00:00:00
5757269,766237,CHEQUE,CAD,2026-10-11T00:00:00
5546740,944999,EPARGNE,USD,2026-10-11T00:00:00
7347914,614328,CHEQUE,CAD,2026-10-11T00:00:00
5336793,920542,CHEQUE,CAD,2026-10-11T00:00:00
6941306,586701,EPARGNE,USD,2026-10-11T00:00:00
3887183,193632,EPARGNE,USD,2026-10-11T00:00:00
1943336,470139,EPARGNE,CAD,2026-10-11T00:00:00
2706152,757486,CHEQUE,USD,2026-10-11T00:00:00
2228770,318838,EPARGNE,CAD,2026-10-11T00:00:00
3902532,933371,CHEQUE,USD,2026-10-11T00:00:00
9813412,604708,EPARGNE,USD,2026-10-11T00:00:00
6584189,209680,CHEQUE,CAD,2026-10-11T00:00:00
3081222,858420,CHEQUE,CAD,2026-10-11T00:00:00
7152692,265053,CHEQUE,USD,2026-10-11T00:00:00
4501870,766802,EPARGNE,USD,2026-10-11T00:00:00
7313283,634347,EPARGNE,CAD,2026-10-11T00:00:00
4207351,251691,CHEQUE,CAD,2026-10-11T00:00:00
8678762,472985,CHEQUE,USD,2026-10-11T00:00:00
4139514,987495,CHEQUE,CAD,2026-10-11T00:00:00
1966940,531970,EPARGNE,CAD,2026-10-11T00:00:00
5067642,748144,EPARGNE,CAD,2026-10-11T00:00:00
9423410,370373,EPARGNE,USD,2026-10-11T00:00:00
6469003,394061,EPARGNE,CAD,2026-10-11T00:00:00
7201284,279750,CHEQUE,USD,2026-10-11T00:00:00
8044316,118414,EPARGNE,USD,2026-10-11T00:00:00
4160273,282040,CHEQUE,CAD,2026-10-11T00:00:00
4401024,629975,EPARGNE,USD,2026-10-11T00:00:00
3160769,413513,CHEQUE,CAD,2026-10-11T00:00:00
3776638,497314,EPARGNE,USD,2026-10-11T00:00:00
2309798,958433,CHEQUE,CAD,2026-10-11T00:00:00
7382902,537253,EPARGNE,USD,2026-10-11T00:00:00
9838621,968048,EPARGNE,CAD,2026-10-11T00:00:00
9326322,859045,EPARGNE,USD,2026-10-11T00:00:00
2796953,326421,CHEQUE,USD,2026-10-11T00:00:00
4060620,901656,EPARGNE,USD,2026-10-11T00:00:00
1101966,730418,CHEQUE,USD,2026-10-11T00:00:00
4125925,218414,CHEQUE,CAD,2026-10-11T00:00:00
3887247,945012,CHEQUE,CAD,2026-10-11T00:00:00
7731597,980038,CHEQUE,USD,2026-10-11T00:00:00
9868680,986341,CHEQUE,CAD,2026-10-11T00:00:00
7135249,459425,CHEQUE,CAD,2026-10-11T00:00:00
7616451,999006,EPARGNE,USD,2026-10-11T00:00:00
5783838,347378,EPARGNE,CAD,2026-10-11T00:00:00
4210762,180698,EPARGNE,CAD,2026-10-11T00:00:00
2042880,712682,EPARGNE,CAD,2026-10-11T00:00:00
6452828,753837,CHEQUE,USD,2026-10-11T00:00:00
1691994,792928,CHEQUE,CAD,2026-10-11T00:00:00
6010933,945237,EPARGNE,CAD,2026-10-11T00:00:00
1548001,729112,CHEQUE,USD,2026-10-11T00:00:00
6333167,432668,CHEQUE,CAD,2026-10-11T00:00:00
8643844,957341,EPARGNE,USD,2026-10-11T00:00:00
4597674,178290,CHEQUE,CAD,2026-10-11T00:00:00
7889628,457218,CHEQUE,CAD,2026-10-11T00:00:00
7770939,484382,CHEQUE,USD,2026-10-11T00:00:00
2225647,880080,EPARGNE,CAD,2026-10-11T00:00:00
4677603,585195,CHEQUE,USD,2026-10-11T00:00:00
2974977,976345,CHEQUE,CAD,2026-10-11T00:00:00
1967504,376376,CHEQUE,USD,2026-10-11T00:00:00
2609815,944909,CHEQUE,USD,2026-10-11T00:00:00
6184140,180181,EPARGNE,USD,2026-10-11T00:00:00
5633539,483912,EPARGNE,USD,2026-10-11T00:00:00
5632811,389929,CHEQUE,USD,2026-10-11T00:00:00
6122778,248437,EPARGNE,USD,2026-10-11T00:00:00
2442373,557231,EPARGNE,USD,2026-10-11T00:00:00
6834621,269775,CHEQUE,CAD,2026-10-11T00:00:00
8171708,683941,CHEQUE,CAD,2026-10-11T00:00:00
4948021,189013,EPARGNE,USD,2026-10-11T00:00:00
8859311,197233,EPARGNE,CAD,2026-10-11T00:00:00
2513527,622177,CHEQUE,USD,2026-10-11T00:00:00
3594202,196519,EPARGNE,CAD,2026-10-11T00:00:00
4517215,551785,EPARGNE,USD,2026-10-11T00:00:00
5556579,343762,CHEQUE,CAD,2026-10-11T00:00:00
8804610,294324,EPARGNE,CAD,2026-10-11T00:00:00
2504313,440935,CHEQUE,USD,2026-10-11T00:00:00
5266487,897081,CHEQUE,CAD,2026-10-11T00:00:00
6573686,519166,CHEQUE,CAD,2026-10-11T00:00:00
4900508,366455,EPARGNE,CAD,2026-10-11T00:00:00
3651157,343105,EPARGNE,CAD,2026-10-11T00:00:00
2016948,729127,CHEQUE,CAD,2026-10-11T00:00:00
7473269,740880,EPARGNE,CAD,2026-10-11T00:00:00
7585481,402434,CHEQUE,CAD,2026-10-11T00:00:00
5669375,675041,CHEQUE,CAD,2026-10-11T00:00:00
6880123,167401,EPARGNE,CAD,2026-10-11T00:00:00
5031534,471729,CHEQUE,CAD,2026-10-11T00:00:00
1563564,956926,EPARGNE,USD,2026-10-11T00:00:00
7071173,267825,CHEQUE,USD,2026-10-11T00:00:00
4395145,654659,CHEQUE,CAD,2026-10-11T00:00:00
6821023,405368,EPARGNE,CAD,2026-10-11T00:00:00
9429922,109610,CHEQUE,USD,2026-10-11T00:00:00
1871357,480499,EPARGNE,CAD,2026-10-11T00:00:00
5135160,490509,EPARGNE,CAD,2026-10-11T00:00:00
4453518,971964,CHEQUE,USD,2026-10-11T00:00:00
1173961,576486,CHEQUE,USD,2026-10-11T00:00:00
8258912,566349,EPARGNE,USD,2026-10-11T00:00:00
5816063,518750,EPARGNE,USD,2026-10-11T00:00:00
2354767,729246,EPARGNE,CAD,2026-10-11T00:00:00
5595975,683040,CHEQUE,USD,2026-10-11T00:00:00
5123501,522410,CHEQUE,CAD,2026-10-11T00:00:00
1111796,207937,EPARGNE,CAD,2026-10-11T00:00:00
8665475,364585,CHEQUE,CAD,2026-10-11T00:00:00
9208859,207726,EPARGNE,USD,2026-10-11T00:00:00
3525624,368777,CHEQUE,USD,2026-10-11T00:00:00
6345788,953214,EPARGNE,CAD,2026-10-11T00:00:00
5221150,172781,EPARGNE,CAD,2026-10-11T00:00:00
6586150,942019,EPARGNE,USD,2026-10-11T00:00:00
3384969,842474,EPARGNE,USD,2026-10-11T00:00:00
6152519,535385,CHEQUE,USD,2026-10-11T00:00:00
6458827,770824,EPARGNE,CAD,2026-10-11T00:00:00
6195891,336962,EPARGNE,CAD,2026-10-11T00:00:00
1985712,547082,CHEQUE,USD,2026-10-11T00:00:00
9138396,877150,CHEQUE,CAD,2026-10-11T00:00:00
4121159,483017,EPARGNE,USD,2026-10-11T00:00:00
8571681,914815,CHEQUE,CAD,2026-10-11T00:00:00
7004603,933810,CHEQUE,USD,2026-10-11T00:00:00
6775244,109261,EPARGNE,CAD,2026-10-11T00:00:00
5441471,376667,CHEQUE,CAD,2026-10-11T00:00:00
2975821,795407,EPARGNE,USD,2026-10-11T00:00:00
1179769,777307,CHEQUE,CAD,2026-10-11T00:00:00
2115253,539239,EPARGNE,CAD,2026-10-11T00:00:00
9285802,943902,CHEQUE,CAD,2026-10-11T00:00:00
5043525,416973,CHEQUE,USD,2026-10-11T00:00:00
6373673,836956,CHEQUE,CAD,2026-10-11T00:00:00
4071755,988481,CHEQUE,USD,2026-10-11T00:00:00
4864097,626642,EPARGNE,CAD,2026-10-11T00:00:00
4925440,643164,CHEQUE,CAD,2026-10-11T00:00:00
4293552,701232,EPARGNE,CAD,2026-10-11T00:00:00
5561429,966447,CHEQUE,CAD,2026-10-11T00:00:00
2539976,120776,EPARGNE,CAD,2026-10-11T00:00:00
3094739,235171,CHEQUE,CAD,2026-10-11T00:00:00
4929506,709000,EPARGNE,USD,2026-10-11T00:00:00
6789716,630417,CHEQUE,USD,2026-10-11T00:00:00
1457627,871056,CHEQUE,CAD,2026-10-11T00:00:00
8935278,899842,CHEQUE,USD,2026-10-11T00:00:00
1851215,444426,EPARGNE,CAD,2026-10-11T00:00:00
7522235,462613,CHEQUE,USD,2026-10-11T00:00:00
1437432,865854,CHEQUE,USD,2026-10-11T00:00:00
2478531,936847,EPARGNE,USD,2026-10-11T00:00:00
7029303,194765,CHEQUE,CAD,2026-10-11T00:00:00
2654055,971897,EPARGNE,USD,2026-10-11T00:00:00
7142076,383325,EPARGNE,CAD,2026-10-11T00:00:00
5722194,951701,CHEQUE,USD,2026-10-11T00:00:00
1072825,348154,CHEQUE,USD,2026-10-11T00:00:00
1295842,897096,CHEQUE,CAD,2026-10-11T00:00:00
6956466,949014,CHEQUE,CAD,2026-10-11T00:00:00
8516005,476084,CHEQUE,USD,2026-10-11T00:00:00
7655839,379165,EPARGNE,CAD,2026-10-11T00:00:00
5098016,893495,EPARGNE,USD,2026-10-11T00:00:00
7752695,879192,EPARGNE,USD,2026-10-11T00:00:00
1391744,877718,CHEQUE,CAD,2026-10-11T00:00:00
5484584,514870,CHEQUE,CAD,2026-10-11T00:00:00
1336551,230874,EPARGNE,USD,2026-10-11T00:00:00
2963422,249411,CHEQUE,USD,2026-10-11T00:00:00
8835098,961296,EPARGNE,USD,2026-10-11T00:00:00
5724413,130428,CHEQUE,USD,2026-10-11T00:00:00
6434746,309082,EPARGNE,USD,2026-10-11T00:00:00
1949652,988879,EPARGNE,CAD,2026-10-11T00:00:00
6707030,287922,EPARGNE,USD,2026-10-11T00:00:00
7503257,779121,CHEQUE,USD,2026-10-11T00:00:00
7456109,250264,CHEQUE,CAD,2026-10-11T00:00:00
6329286,122025,CHEQUE,USD,2026-10-11T00:00:00
6000247,994146,EPARGNE,USD,2026-10-11T00:00:00
4714528,804265,EPARGNE,CAD,2026-10-11T00:00:00
2301700,578765,EPARGNE,USD,2026-10-11T00:00:00
8958045,370093,CHEQUE,CAD,2026-10-11T00:00:00
3832534,209231,CHEQUE,CAD,2026-10-11T00:00:00
1637934,590416,EPARGNE,USD,2026-10-11T00:00:00
6750207,231939,EPARGNE,CAD,2026-10-11T00:00:00
8915304,499617,CHEQUE,USD,2026-10-11T00:00:00
9799092,198682,CHEQUE,USD,2026-10-11T00:00:00
1157985,594407,EPARGNE,CAD,2026-10-11T00:00:00
1343719,708136,EPARGNE,USD,2026-10-11T00:00:00
4413092,444520,EPARGNE,USD,2026-10-11T00:00:00
9264498,657669,EPARGNE,CAD,2026-10-11T00:00:00
8163369,185961,CHEQUE,CAD,2026-10-11T00:00:00
9630671,695928,EPARGNE,USD,2026-10-11T00:00:00
9316559,771705,EPARGNE,CAD,2026-10-11T00:00:00
3910387,839711,EPARGNE,USD,2026-10-11T00:00:00
1459972,160663,CHEQUE,USD,2026-10-11T00:00:00
7473034,762917,EPARGNE,USD,2026-10-11T00:00:00
3328259,445486,EPARGNE,USD,2026-10-11T00:00:00
7778090,684252,CHEQUE,CAD,2026-10-11T00:00:00
7556541,331253,EPARGNE,CAD,2026-10-11T00:00:00
9084721,737886,CHEQUE,CAD,2026-10-11T00:00:00
4206165,433018,CHEQUE,USD,2026-10-11T00:00:00
9929115,549816,EPARGNE,USD,2026-10-11T00:00:00
7767345,507378,EPARGNE,USD,2026-10-11T00:00:00
5328993,815135,EPARGNE,CAD,2026-10-11T00:00:00
8479046,226693,CHEQUE,USD,2026-10-11T00:00:00
1880130,823056,CHEQUE,USD,2026-10-11T00:00:00
6123176,793813,CHEQUE,USD,2026-10-11T00:00:00
4051781,317265,EPARGNE,USD,2026-10-11T00:00:00
7670767,617492,CHEQUE,USD,2026-10-11T00:00:00
9448518,395858,EPARGNE,CAD,2026-10-11T00:00:00
1363359,451852,CHEQUE,CAD,2026-10-11T00:00:00
9848981,504443,CHEQUE,CAD,2026-10-11T00:00:00
7790202,506698,EPARGNE,USD,2026-10-11T00:00:00
6117234,747105,EPARGNE,USD,2026-10-11T00:00:00
7773190,496341,CHEQUE,CAD,2026-10-11T00:00:00
5065163,651438,CHEQUE,USD,2026-10-11T00:00:00
1684018,510955,EPARGNE,CAD,2026-10-11T00:00:00
6726173,991308,CHEQUE,CAD,2026-10-11T00:00:00
3570544,662867,EPARGNE,CAD,2026-10-11T00:00:00
3784823,869520,EPARGNE,CAD,2026-10-11T00:00:00
8659577,190581,CHEQUE,CAD,2026-10-11T00:00:00
9409038,913362,CHEQUE,USD,2026-10-11T00:00:00
9682919,562207,CHEQUE,CAD,2026-10-11T00:00:00
7651778,336460,CHEQUE,USD,2026-10-11T00:00:00
3037571,256645,CHEQUE,CAD,2026-10-11T00:00:00
5805920,172337,CHEQUE,CAD,2026-10-11T00:00:00
7587136,692708,EPARGNE,CAD,2026-10-11T00:00:00
5346698,189018,CHEQUE,CAD,2026-10-11T00:00:00
9294202,858184,EPARGNE,USD,2026-10-11T00:00:00
9583804,655170,CHEQUE,CAD,2026-10-11T00:00:00
7791960,920434,CHEQUE,CAD,2026-10-11T00:00:00
4982134,235926,CHEQUE,CAD,2026-10-11T00:00:00
3958322,194694,EPARGNE,USD,2026-10-11T00:00:00
9858233,699767,EPARGNE,USD,2026-10-11T00:00:00
4529862,420700,CHEQUE,USD,2026-10-11T00:00:00
4367686,684398,EPARGNE,CAD,2026-10-11T00:00:00
6623711,574874,EPARGNE,CAD,2026-10-11T00:00:00
9620625,514278,EPARGNE,CAD,2026-10-11T00:00:00
4173640,601477,CHEQUE,CAD,2026-10-11T00:00:00
6429692,779253,CHEQUE,CAD,2026-10-11T00:00:00
3482536,752620,CHEQUE,USD,2026-10-11T00:00:00
3400767,990026,CHEQUE,USD,2026-10-11T00:00:00
2570975,794673,EPARGNE,USD,2026-10-11T00:00:00
7770006,711217,EPARGNE,CAD,2026-10-11T00:00:00
1213751,252737,EPARGNE,USD,2026-10-11T00:00:00
4993685,636164,EPARGNE,USD,2026-10-11T00:00:00
6408774,335280,CHEQUE,USD,2026-10-11T00:00:00
9547719,437361,EPARGNE,CAD,2026-10-11T00:00:00
6524054,962422,CHEQUE,CAD,2026-10-11T00:00:00
8362245,376015,CHEQUE,CAD,2026-10-11T00:00:00
3263401,205687,CHEQUE,USD,2026-10-11T00:00:00
8723073,914240,EPARGNE,USD,2026-10-11T00:00:00
4420270,859729,CHEQUE,CAD,2026-10-11T00:00:00
7505803,101266,EPARGNE,CAD,2026-10-11T00:00:00
8734630,987427,CHEQUE,CAD,2026-10-11T00:00:00
3896098,745058,EPARGNE,USD,2026-10-11T00:00:00
1641156,558294,CHEQUE,USD,2026-10-11T00:00:00
2467928,393391,EPARGNE,USD,2026-10-11T00:00:00
3332080,555075,CHEQUE,USD,2026-10-11T00:00:00
3057735,787102,CHEQUE,CAD,2026-10-11T00:00:00
1307977,678298,EPARGNE,USD,2026-10-11T00:00:00
6093868,502238,CHEQUE,USD,2026-10-11T00:00:00
4465490,679831,EPARGNE,USD,2026-10-11T00:00:00
4442461,670734,CHEQUE,CAD,2026-10-11T00:00:00
9716406,433985,CHEQUE,USD,2026-10-11T00:00:00
2261615,199246,CHEQUE,USD,2026-10-11T00:00:00
7378105,657679,EPARGNE,USD,2026-10-11T00:00:00
9716981,376259,EPARGNE,USD,2026-10-11T00:00:00
7883857,615219,EPARGNE,CAD,2026-10-11T00:00:00
3916265,734634,EPARGNE,USD,2026-10-11T00:00:00
9347622,176849,EPARGNE,CAD,2026-10-11T00:00:00
9377269,371398,EPARGNE,CAD,2026-10-11T00:00:00
5371106,662112,EPARGNE,USD,2026-10-11T00:00:00
6407224,362965,CHEQUE,USD,2026-10-11T00:00:00
1321194,897773,EPARGNE,CAD,2026-10-11T00:00:00
3917610,729863,CHEQUE,USD,2026-10-11T00:00:00
3001520,186571,EPARGNE,CAD,2026-10-11T00:00:00
5219099,263804,CHEQUE,USD,2026-10-11T00:00:00
6083740,317511,EPARGNE,USD,2026-10-11T00:00:00
5579498,447014,CHEQUE,USD,2026-10-11T00:00:00
9166858,947322,EPARGNE,USD,2026-10-11T00:00:00
1070043,271569,CHEQUE,CAD,2026-10-11T00:00:00
5046400,648616,CHEQUE,CAD,2026-10-11T00:00:00
2980201,672392,EPARGNE,USD,2026-10-11T00:00:00
8069067,283078,CHEQUE,CAD,2026-10-11T00:00:00
8339662,106529,CHEQUE,CAD,2026-10-11T00:00:00
2607406,183546,CHEQUE,CAD,2026-10-11T00:00:00
4371759,711938,CHEQUE,CAD,2026-10-11T00:00:00
2203278,219812,EPARGNE,USD,2026-10-11T00:00:00
4602712,853923,EPARGNE,USD,2026-10-11T00:00:00
2462689,966084,CHEQUE,USD,2026-10-11T00:00:00
7833715,577270,EPARGNE,CAD,2026-10-11T00:00:00
9757031,347574,EPARGNE,USD,2026-10-11T00:00:00
9162236,335600,CHEQUE,CAD,2026-10-11T00:00:00
2502716,746682,EPARGNE,CAD,2026-10-11T00:00:00
3713225,708501,EPARGNE,CAD,2026-10-11T00:00:00
6317544,776421,EPARGNE,CAD,2026-10-11T00:00:00
3358138,271321,CHEQUE,USD,2026-10-11T00:00:00
8212217,292081,EPARGNE,CAD,2026-10-11T00:00:00
3063134,123427,EPARGNE,USD,2026-10-11T00:00:00
1399427,354465,EPARGNE,CAD,2026-10-11T00:00:00
5844232,314209,CHEQUE,CAD,2026-10-11T00:00:00
1462518,667914,EPARGNE,CAD,2026-10-11T00:00:00
5966137,328253,EPARGNE,USD,2026-10-11T00:00:00
4805877,867028,CHEQUE,CAD,2026-10-11T00:00:00
3171399,831338,CHEQUE,CAD,2026-10-11T00:00:00
6405366,379118,CHEQUE,CAD,2026-10-11T00:00:00
2200994,397786,CHEQUE,USD,2026-10-11T00:00:00
3564836,215441,CHEQUE,CAD,2026-10-11T00:00:00
9222793,393449,CHEQUE,USD,2026-10-11T00:00:00
2436121,820996,CHEQUE,CAD,2026-10-11T00:00:00
2771216,550797,CHEQUE,CAD,2026-10-11T00:00:00
4843192,194438,EPARGNE,CAD,2026-10-11T00:00:00
5651062,115521,CHEQUE,CAD,2026-10-11T00:00:00
9178677,944372,CHEQUE,CAD,2026-10-11T00:00:00
3112447,737285,CHEQUE,USD,2026-10-11T00:00:00
9529103,547221,EPARGNE,USD,2026-10-11T00:00:00
9541523,661977,EPARGNE,USD,2026-10-11T00:00:00
6981071,292467,CHEQUE,USD,2026-10-11T00:00:00
7305717,547349,EPARGNE,USD,2026-10-11T00:00:00
4965338,638927,CHEQUE,CAD,2026-10-11T00:00:00
8845994,569829,CHEQUE,USD,2026-10-11T00:00:00
6206633,106785,CHEQUE,CAD,2026-10-11T00:00:00
6625509,289821,EPARGNE,CAD,2026-10-11T00:00:00
1977294,770320,EPARGNE,USD,2026-10-11T00:00:00
2373279,180616,EPARGNE,CAD,2026-10-11T00:00:00
2582172,311887,CHEQUE,CAD,2026-10-11T00:00:00
1282725,103107,CHEQUE,USD,2026-10-11T00:00:00
8080909,117194,CHEQUE,USD,2026-10-11T00:00:00
8024224,662477,EPARGNE,CAD,2026-10-11T00:00:00
6410731,572702,EPARGNE,CAD,2026-10-11T00:00:00
5205043,270967,CHEQUE,USD,2026-10-11T00:00:00
8319418,762662,EPARGNE,USD,2026-10-11T00:00:00
1502729,387792,CHEQUE,CAD,2026-10-11T00:00:00
5125745,805302,CHEQUE,CAD,2026-10-11T00:00:00
3026523,444290,EPARGNE,CAD,2026-10-11T00:00:00
6278998,916901,EPARGNE,CAD,2026-10-11T00:00:00
5544908,733898,EPARGNE,CAD,2026-10-11T00:00:00
3741697,745175,EPARGNE,CAD,2026-10-11T00:00:00
4658808,872361,CHEQUE,CAD,2026-10-11T00:00:00
6414512,355333,EPARGNE,CAD,2026-10-11T00:00:00
8418645,937247,EPARGNE,USD,2026-10-11T00:00:00
1104723,970571,CHEQUE,USD,2026-10-11T00:00:00
3995030,701641,CHEQUE,CAD,2026-10-11T00:00:00
2805406,408122,CHEQUE,CAD,2026-10-11T00:00:00
2139541,474326,EPARGNE,CAD,2026-10-11T00:00:00
4381002,959697,CHEQUE,USD,2026-10-11T00:00:00
8062716,541854,CHEQUE,USD,2026-10-11T00:00:00
3985804,531014,EPARGNE,CAD,2026-10-11T00:00:00
5640271,464911,CHEQUE,USD,2026-10-11T00:00:00
4016656,190970,CHEQUE,USD,2026-10-11T00:00:00
7402709,970493,EPARGNE,USD,2026-10-11T00:00:00
4215020,316759,CHEQUE,USD,2026-10-11T00:00:00
1085414,743754,CHEQUE,CAD,2026-10-11T00:00:00
9321423,937121,CHEQUE,USD,2026-10-11T00:00:00
7491421,304903,CHEQUE,CAD,2026-10-11T00:00:00
2399163,731308,EPARGNE,CAD,2026-10-11T00:00:00
6012538,794063,EPARGNE,CAD,2026-10-11T00:00:00
4463413,288315,EPARGNE,CAD,2026-10-11T00:00:00
5921272,297833,CHEQUE,CAD,2026-10-11T00:00:00
6912026,234775,CHEQUE,CAD,2026-10-11T00:00:00
5535505,333848,EPARGNE,CAD,2026-10-11T00:00:00
2095799,222520,CHEQUE,USD,2026-10-11T00:00:00
2039737,562059,CHEQUE,USD,2026-10-11T00:00:00
6708975,103740,CHEQUE,USD,2026-10-11T00:00:00
4312317,744177,EPARGNE,CAD,2026-10-11T00:00:00
4599053,846122,CHEQUE,USD,2026-10-11T00:00:00
7638717,749060,CHEQUE,USD,2026-10-11T00:00:00
5066566,281167,CHEQUE,CAD,2026-10-11T00:00:00
2381926,138194,CHEQUE,USD,2026-10-11T00:00:00
1358574,851222,EPARGNE,USD,2026-10-11T00:00:00
1494132,934447,EPARGNE,USD,2026-10-11T00:00:00
3985559,759005,EPARGNE,CAD,2026-10-11T00:00:00
2747992,357232,EPARGNE,USD,2026-10-11T00:00:00
6153076,383748,EPARGNE,USD,2026-10-11T00:00:00
2499069,616609,CHEQUE,CAD,2026-10-11T00:00:00
7352570,897542,CHEQUE,CAD,2026-10-11T00:00:00
9937546,996163,EPARGNE,USD,2026-10-11T00:00:00
9549101,942749,CHEQUE,CAD,2026-10-11T00:00:00
4639892,290570,CHEQUE,USD,2026-10-11T00:00:00
6152383,665362,EPARGNE,CAD,2026-10-11T00:00:00
8636467,256716,EPARGNE,CAD,2026-10-11T00:00:00
3065978,252254,EPARGNE,CAD,2026-10-11T00:00:00
9347645,639457,EPARGNE,CAD,2026-10-11T00:00:00
8315695,774411,CHEQUE,CAD,2026-10-11T00:00:00
5218983,973206,EPARGNE,CAD,2026-10-11T00:00:00
1679379,144222,EPARGNE,USD,2026-10-11T00:00:00
1007862,791091,CHEQUE,USD,2026-10-11T00:00:00
3224084,286295,CHEQUE,USD,2026-10-11T00:00:00
8953674,670577,CHEQUE,CAD,2026-10-11T00:00:00
9373987,947375,EPARGNE,USD,2026-10-11T00:00:00
4001349,474307,EPARGNE,USD,2026-10-11T00:00:00
5764822,526023,EPARGNE,CAD,2026-10-11T00:00:00
6011444,312555,EPARGNE,USD,2026-10-11T00:00:00
4902835,601063,CHEQUE,CAD,2026-10-11T00:00:00
1505770,850083,CHEQUE,USD,2026-10-11T00:00:00
3520048,691422,CHEQUE,USD,2026-10-11T00:00:00
2061935,851717,EPARGNE,CAD,2026-10-11T00:00:00
5831004,632952,CHEQUE,CAD,2026-10-11T00:00:00
8853756,537085,CHEQUE,USD,2026-10-11T00:00:00
6400442,291438,CHEQUE,CAD,2026-10-11T00:00:00
6473577,768106,CHEQUE,CAD,2026-10-11T00:00:00
2509399,557409,EPARGNE,USD,2026-10-11T00:00:00
5242955,210019,EPARGNE,USD,2026-10-11T00:00:00
3609394,631697,CHEQUE,CAD,2026-10-11T00:00:00
4517067,936530,CHEQUE,USD,2026-10-11T00:00:00
4436807,843621,EPARGNE,CAD,2026-10-11T00:00:00
2719938,971148,CHEQUE,USD,2026-10-11T00:00:00
2067717,295731,CHEQUE,CAD,2026-10-11T00:00:00
1962507,493267,CHEQUE,USD,2026-10-11T00:00:00
2811984,760891,EPARGNE,CAD,2026-10-11T00:00:00
9780255,899795,EPARGNE,USD,2026-10-11T00:00:00
8945177,859375,EPARGNE,CAD,2026-10-11T00:00:00
8197038,310719,EPARGNE,CAD,2026-10-11T00:00:00
5691732,140830,CHEQUE,CAD,2026-10-11T00:00:00
1242369,956610,EPARGNE,CAD,2026-10-11T00:00:00
3005258,836010,CHEQUE,USD,2026-10-11T00:00:00
3226118,932182,CHEQUE,CAD,2026-10-11T00:00:00
1993453,902704,EPARGNE,CAD,2026-10-11T00:00:00
4254474,605850,EPARGNE,USD,2026-10-11T00:00:00
8021208,971369,CHEQUE,CAD,2026-10-11T00:00:00
5836416,236124,EPARGNE,USD,2026-10-11T00:00:00
5717814,267412,CHEQUE,USD,2026-10-11T00:00:00
9800463,137610,CHEQUE,USD,2026-10-11T00:00:00
5269671,590555,CHEQUE,CAD,2026-10-11T00:00:00
4634937,280396,CHEQUE,CAD,2026-10-11T00:00:00
2947950,395338,EPARGNE,CAD,2026-10-11T00:00:00
8932137,326340,EPARGNE,CAD,2026-10-11T00:00:00
9481712,844026,EPARGNE,CAD,2026-10-11T00:00:00
5834415,854644,EPARGNE,CAD,2026-10-11T00:00:00
9304811,282968,CHEQUE,USD,2026-10-11T00:00:00
1790600,195182,EPARGNE,CAD,2026-10-11T00:00:00
6670938,809577,EPARGNE,USD,2026-10-11T00:00:00
8611689,192144,EPARGNE,USD,2026-10-11T00:00:00
4522519,282934,CHEQUE,USD,2026-10-11T00:00:00
5210060,223687,EPARGNE,CAD,2026-10-11T00:00:00
2716070,324513,EPARGNE,USD,2026-10-11T00:00:00
8929382,435936,EPARGNE,CAD,2026-10-11T00:00:00
8912633,272050,CHEQUE,USD,2026-10-11T00:00:00
8345209,708940,CHEQUE,CAD,2026-10-11T00:00:00
5174272,737628,EPARGNE,CAD,2026-10-11T00:00:00
3265885,364031,EPARGNE,USD,2026-10-11T00:00:00
6016494,719092,EPARGNE,CAD,2026-10-11T00:00:00
6357859,977620,CHEQUE,CAD,2026-10-11T00:00:00
3276628,936438,EPARGNE,CAD,2026-10-11T00:00:00
7610269,245723,EPARGNE,CAD,2026-10-11T00:00:00
1524266,203030,CHEQUE,USD,2026-10-11T00:00:00
9759050,441434,EPARGNE,USD,2026-10-11T00:00:00
8446521,566324,EPARGNE,USD,2026-10-11T00:00:00
4550327,656241,EPARGNE,USD,2026-10-11T00:00:00
3470882,515441,CHEQUE,CAD,2026-10-11T00:00:00
2436532,619198,CHEQUE,CAD,2026-10-11T00:00:00
4873231,951124,CHEQUE,CAD,2026-10-11T00:00:00
8043346,591269,EPARGNE,USD,2026-10-11T00:00:00
4052046,973372,CHEQUE,USD,2026-10-11T00:00:00
3510230,753501,EPARGNE,USD,2026-10-11T00:00:00
8456639,588482,EPARGNE,CAD,2026-10-11T00:00:00
6784457,231322,CHEQUE,CAD,2026-10-11T00:00:00
7110984,504524,CHEQUE,CAD,2026-10-11T00:00:00
9721203,283860,CHEQUE,USD,2026-10-11T00:00:00
2763730,725823,EPARGNE,USD,2026-10-11T00:00:00
6095960,613252,CHEQUE,CAD,2026-10-11T00:00:00
6656180,478034,CHEQUE,USD,2026-10-11T00:00:00
7017698,990409,EPARGNE,USD,2026-10-11T00:00:00
2241950,106660,CHEQUE,CAD,2026-10-11T00:00:00
7653479,794719,EPARGNE,USD,2026-10-11T00:00:00
9681341,762340,EPARGNE,CAD,2026-10-11T00:00:00
4535325,929407,CHEQUE,CAD,2026-10-11T00:00:00
5894231,698517,EPARGNE,CAD,2026-10-11T00:00:00
1984924,531009,CHEQUE,USD,2026-10-11T00:00:00
7868855,822676,CHEQUE,USD,2026-10-11T00:00:00
1628118,663417,EPARGNE,CAD,2026-10-11T00:00:00
8968262,281861,EPARGNE,USD,2026-10-11T00:00:00
6022212,669817,EPARGNE,CAD,2026-10-11T00:00:00
6800438,892027,EPARGNE,USD,2026-10-11T00:00:00
2681837,481445,EPARGNE,USD,2026-10-11T00:00:00
8139731,955890,CHEQUE,CAD,2026-10-11T00:00:00
5152566,580106,EPARGNE,USD,2026-10-11T00:00:00
2706751,750702,EPARGNE,USD,2026-10-11T00:00:00
7574607,756322,CHEQUE,USD,2026-10-11T00:00:00
4429784,651437,CHEQUE,CAD,2026-10-11T00:00:00
7952769,826673,CHEQUE,USD,2026-10-11T00:00:00
3099749,949655,CHEQUE,CAD,2026-10-11T00:00:00
5309478,785536,EPARGNE,USD,2026-10-11T00:00:00
1845603,888990,EPARGNE,CAD,2026-10-11T00:00:00
1610031,205733,CHEQUE,USD,2026-10-11T00:00:00
9768968,498377,EPARGNE,CAD,2026-10-11T00:00:00
9002343,960534,CHEQUE,USD,2026-10-11T00:00:00
7715641,639843,CHEQUE,CAD,2026-10-11T00:00:00
9161621,562699,EPARGNE,CAD,2026-10-11T00:00:00
8236946,147074,EPARGNE,USD,2026-10-11T00:00:00
8630591,694542,EPARGNE,USD,2026-10-11T00:00:00
7179741,443998,CHEQUE,CAD,2026-10-11T00:00:00
5058542,490085,EPARGNE,USD,2026-10-11T00:00:00
9141495,881285,EPARGNE,USD,2026-10-11T00:00:00
9043405,374412,CHEQUE,USD,2026-10-11T00:00:00
9044258,582517,EPARGNE,USD,2026-10-11T00:00:00
4403465,534565,CHEQUE,USD,2026-10-11T00:00:00
2762115,938421,EPARGNE,USD,2026-10-11T00:00:00
4198893,491125,CHEQUE,CAD,2026-10-11T00:00:00
2509990,353974,EPARGNE,CAD,2026-10-11T00:00:00
2814646,184678,EPARGNE,USD,2026-10-11T00:00:00
7877541,757280,CHEQUE,CAD,2026-10-11T00:00:00
5730435,425310,EPARGNE,CAD,2026-10-11T00:00:00
6360699,551652,EPARGNE,CAD,2026-10-11T00:00:00
4516318,981971,EPARGNE,USD,2026-10-11T00:00:00
9812077,603326,CHEQUE,USD,2026-10-11T00:00:00
3934786,808851,EPARGNE,CAD,2026-10-11T00:00:00
6644479,519351,CHEQUE,CAD,2026-10-11T00:00:00
3885707,817537,EPARGNE,CAD,2026-10-11T00:00:00
7083408,862550,CHEQUE,CAD,2026-10-11T00:00:00
8021679,695763,CHEQUE,USD,2026-10-11T00:00:00
8601919,497647,EPARGNE,CAD,2026-10-11T00:00:00
5013295,554188,CHEQUE,CAD,2026-10-11T00:00:00
4042581,149259,CHEQUE,CAD,2026-10-11T00:00:00
2655687,112192,CHEQUE,CAD,2026-10-11T00:00:00
4492040,395465,CHEQUE,CAD,2026-10-11T00:00:00
3852473,798381,EPARGNE,USD,2026-10-11T00:00:00
3888765,446805,EPARGNE,CAD,2026-10-11T00:00:00
1233894,693328,EPARGNE,USD,2026-10-11T00:00:00
8326431,489218,CHEQUE,CAD,2026-10-11T00:00:00
7590512,106944,EPARGNE,USD,2026-10-11T00:00:00
9659545,668839,CHEQUE,USD,2026-10-11T00:00:00
7145000,750785,CHEQUE,USD,2026-10-11T00:00:00
1269527,637015,CHEQUE,USD,2026-10-11T00:00:00
2712187,773380,CHEQUE,USD,2026-10-11T00:00:00
2993663,858512,CHEQUE,USD,2026-10-11T00:00:00
2515337,342584,EPARGNE,USD,2026-10-11T00:00:00
2785052,200688,EPARGNE,CAD,2026-10-11T00:00:00
1908491,109887,CHEQUE,CAD,2026-10-11T00:00:00
4623969,668093,CHEQUE,CAD,2026-10-11T00:00:00
4089208,958980,EPARGNE,CAD,2026-10-11T00:00:00
9208987,721968,EPARGNE,CAD,2026-10-11T00:00:00
9906617,317061,EPARGNE,CAD,2026-10-11T00:00:00
4036360,525550,CHEQUE,USD,2026-10-11T00:00:00
8387250,311254,EPARGNE,USD,2026-10-11T00:00:00
4857875,290791,CHEQUE,USD,2026-10-11T00:00:00
3786810,170350,EPARGNE,USD,2026-10-11T00:00:00
2067946,112012,EPARGNE,USD,2026-10-11T00:00:00
9050263,231722,EPARGNE,USD,2026-10-11T00:00:00
9293242,396256,CHEQUE,CAD,2026-10-11T00:00:00
9435327,886751,CHEQUE,CAD,2026-10-11T00:00:00
8680997,624191,CHEQUE,CAD,2026-10-11T00:00:00
6868948,564068,CHEQUE,USD,2026-10-11T00:00:00
2644551,241196,EPARGNE,CAD,2026-10-11T00:00:00
6781226,261342,CHEQUE,CAD,2026-10-11T00:00:00
3692567,653705,EPARGNE,CAD,2026-10-11T00:00:00
3457958,693113,CHEQUE,CAD,2026-10-11T00:00:00
5782614,637177,EPARGNE,USD,2026-10-11T00:00:00
6250969,992373,CHEQUE,CAD,2026-10-11T00:00:00
1076693,727782,EPARGNE,USD,2026-10-11T00:00:00
4687544,117611,CHEQUE,CAD,2026-10-11T00:00:00
9948416,909313,EPARGNE,CAD,2026-10-11T00:00:00
7666235,670659,EPARGNE,CAD,2026-10-11T00:00:00
8691941,163258,EPARGNE,CAD,2026-10-11T00:00:00
3604117,572337,EPARGNE,CAD,2026-10-11T00:00:00
7323772,521688,EPARGNE,USD,2026-10-11T00:00:00
9673059,482163,CHEQUE,USD,2026-10-11T00:00:00
7753273,822209,CHEQUE,CAD,2026-10-11T00:00:00
1569345,839657,EPARGNE,USD,2026-10-11T00:00:00
6735781,303950,CHEQUE,CAD,2026-10-11T00:00:00
3688345,877526,CHEQUE,USD,2026-10-11T00:00:00
6621260,850374,EPARGNE,CAD,2026-10-11T00:00:00
6884599,308619,CHEQUE,CAD,2026-10-11T00:00:00
9466626,344400,EPARGNE,USD,2026-10-11T00:00:00
9188741,401392,CHEQUE,CAD,2026-10-11T00:00:00
3534720,914120,CHEQUE,USD,2026-10-11T00:00:00
1407001,497396,CHEQUE,USD,2026-10-11T00:00:00
8791852,145317,CHEQUE,USD,2026-10-11T00:00:00
3850334,421795,CHEQUE,CAD,2026-10-11T00:00:00
8927762,474910,EPARGNE,USD,2026-10-11T00:00:00
9193664,442366,EPARGNE,USD,2026-10-11T00:00:00
5204254,949474,EPARGNE,USD,2026-10-11T00:00:00
5086431,505677,CHEQUE,CAD,2026-10-11T00:00:00
9913445,541902,CHEQUE,CAD,2026-10-11T00:00:00
7352763,139504,CHEQUE,CAD,2026-10-11T00:00:00
4410067,480765,EPARGNE,USD,2026-10-11T00:00:00
9362202,882862,EPARGNE,USD,2026-10-11T00:00:00
2499993,237728,CHEQUE,CAD,2026-10-11T00:00:00
7259910,474304,EPARGNE,USD,2026-10-11T00:00:00
7897585,672308,CHEQUE,CAD,2026-10-11T00:00:00
8026980,321018,CHEQUE,CAD,2026-10-11T00:00:00
1432986,152311,CHEQUE,CAD,2026-10-11T00:00:00
1819477,934903,EPARGNE,CAD,2026-10-11T00:00:00
9253405,917903,EPARGNE,USD,2026-10-11T00:00:00
4579886,175354,CHEQUE,CAD,2026-10-11T00:00:00
6604924,396019,EPARGNE,CAD,2026-10-11T00:00:00
1575872,196912,EPARGNE,CAD,2026-10-11T00:00:00
8577996,762378,CHEQUE,CAD,2026-10-11T00:00:00
6231640,267705,EPARGNE,USD,2026-10-11T00:00:00
9958158,818458,EPARGNE,USD,2026-10-11T00:00:00
8329648,824342,CHEQUE,USD,2026-10-11T00:00:00
9994093,708831,CHEQUE,CAD,2026-10-11T00:00:00
6841368,975728,EPARGNE,USD,2026-10-11T00:00:00
9466703,688970,CHEQUE,USD,2026-10-11T00:00:00
4188931,823669,CHEQUE,CAD,2026-10-11T00:00:00
2135922,282994,EPARGNE,USD,2026-10-11T00:00:00
8150749,285904,CHEQUE,CAD,2026-10-11T00:00:00
3744746,557315,CHEQUE,CAD,2026-10-11T00:00:00
3508238,161149,EPARGNE,CAD,2026-10-11T00:00:00
6300816,588730,EPARGNE,USD,2026-10-11T00:00:00
1611644,881630,CHEQUE,CAD,2026-10-11T00:00:00
4596954,218052,CHEQUE,USD,2026-10-11T00:00:00
5879197,921648,EPARGNE,USD,2026-10-11T00:00:00
1741921,256339,CHEQUE,CAD,2026-10-11T00:00:00
5825357,312672,CHEQUE,CAD,2026-10-11T00:00:00
1202307,411068,EPARGNE,CAD,2026-10-11T00:00:00
4861584,980538,CHEQUE,USD,2026-10-11T00:00:00
9913321,214431,CHEQUE,CAD,2026-10-11T00:00:00
3297029,387188,EPARGNE,USD,2026-10-11T00:00:00
5431986,882338,EPARGNE,CAD,2026-10-11T00:00:00
8192158,784844,CHEQUE,USD,2026-10-11T00:00:00
2291745,761013,CHEQUE,CAD,2026-10-11T00:00:00
8353659,419741,EPARGNE,CAD,2026-10-11T00:00:00
3578870,399912,CHEQUE,USD,2026-10-11T00:00:00
4192428,106819,CHEQUE,CAD,2026-10-11T00:00:00
7121482,683812,CHEQUE,CAD,2026-10-11T00:00:00
7613698,240310,CHEQUE,CAD,2026-10-11T00:00:00
8587048,572251,EPARGNE,CAD,2026-10-11T00:00:00
1016943,941693,CHEQUE,CAD,2026-10-11T00:00:00
1519057,695611,EPARGNE,USD,2026-10-11T00:00:00
8558266,825408,CHEQUE,USD,2026-10-11T00:00:00
1250770,484543,EPARGNE,CAD,2026-10-11T00:00:00
2386049,175900,CHEQUE,USD,2026-10-11T00:00:00
2932144,935780,EPARGNE,USD,2026-10-11T00:00:00
9399676,677088,EPARGNE,USD,2026-10-11T00:00:00
7469968,989833,CHEQUE,USD,2026-10-11T00:00:00
7341921,907420,EPARGNE,USD,2026-10-11T00:00:00
8077021,618673,CHEQUE,USD,2026-10-11T00:00:00
8407275,305399,CHEQUE,CAD,2026-10-11T00:00:00
5174464,411619,CHEQUE,CAD,2026-10-11T00:00:00
1861076,999501,CHEQUE,CAD,2026-10-11T00:00:00
3781973,487439,CHEQUE,CAD,2026-10-11T00:00:00
5322357,784405,CHEQUE,USD,2026-10-11T00:00:00
7752611,904150,EPARGNE,USD,2026-10-11T00:00:00
9986930,124453,EPARGNE,USD,2026-10-11T00:00:00
9982180,173971,EPARGNE,CAD,2026-10-11T00:00:00
5662135,939029,CHEQUE,CAD,2026-10-11T00:00:00
3623064,744458,EPARGNE,USD,2026-10-11T00:00:00
3884460,880404,EPARGNE,USD,2026-10-11T00:00:00
9304387,809766,CHEQUE,CAD,2026-10-11T00:00:00
4746435,476243,EPARGNE,USD,2026-10-11T00:00:00
6362055,699831,CHEQUE,USD,2026-10-11T00:00:00
2222527,851655,CHEQUE,USD,2026-10-11T00:00:00
5393144,544100,EPARGNE,USD,2026-10-11T00:00:00
2442794,794786,CHEQUE,USD,2026-10-11T00:00:00
9355484,306322,EPARGNE,USD,2026-10-11T00:00:00
3937506,960128,CHEQUE,CAD,2026-10-11T00:00:00
2057617,852342,CHEQUE,CAD,2026-10-11T00:00:00
5734064,238939,EPARGNE,CAD,2026-10-11T00:00:00
8034584,597352,EPARGNE,USD,2026-10-11T00:00:00
7309549,152895,CHEQUE,CAD,2026-10-11T00:00:00
7414675,556397,EPARGNE,CAD,2026-10-11T00:00:00
8113397,554265,EPARGNE,USD,2026-10-11T00:00:00
2384051,396105,CHEQUE,CAD,2026-10-11T00:00:00
6887687,367050,EPARGNE,USD,2026-10-11T00:00:00
2357495,365975,EPARGNE,CAD,2026-10-11T00:00:00
3798708,429139,EPARGNE,USD,2026-10-11T00:00:00
8071488,835042,CHEQUE,USD,2026-10-11T00:00:00
7116703,701273,EPARGNE,USD,2026-10-11T00:00:00
7840495,956549,CHEQUE,USD,2026-10-11T00:00:00
8031514,987987,EPARGNE,USD,2026-10-11T00:00:00
7017687,191199,CHEQUE,USD,2026-10-11T00:00:00
3432648,434899,CHEQUE,USD,2026-10-11T00:00:00
6410744,403604,EPARGNE,USD,2026-10-11T00:00:00
7735991,835711,EPARGNE,CAD,2026-10-11T00:00:00
5901246,940121,CHEQUE,USD,2026-10-11T00:00:00
3899750,584684,EPARGNE,USD,2026-10-11T00:00:00
2272181,842032,CHEQUE,CAD,2026-10-11T00:00:00
1937830,242113,EPARGNE,CAD,2026-10-11T00:00:00
4096063,539842,CHEQUE,USD,2026-10-11T00:00:00
6661443,337771,CHEQUE,CAD,2026-10-11T00:00:00
7701401,326890,EPARGNE,USD,2026-10-11T00:00:00
9397084,724309,EPARGNE,CAD,2026-10-11T00:00:00
1567908,422287,EPARGNE,USD,2026-10-11T00:00:00
7974940,663729,EPARGNE,USD,2026-10-11T00:00:00
8957527,367368,EPARGNE,USD,2026-10-11T00:00:00
6898147,962263,EPARGNE,USD,2026-10-11T00:00:00
4311752,170154,CHEQUE,CAD,2026-10-11T00:00:00
3267234,901322,CHEQUE,USD,2026-10-11T00:00:00
4784316,234471,CHEQUE,CAD,2026-10-11T00:00:00
4202264,298560,CHEQUE,USD,2026-10-11T00:00:00
1417597,524773,CHEQUE,USD,2026-10-11T00:00:00
9468236,985685,CHEQUE,USD,2026-10-11T00:00:00
1072960,664804,EPARGNE,USD,2026-10-11T00:00:00
5565633,825527,CHEQUE,USD,2026-10-11T00:00:00
1436530,291174,CHEQUE,CAD,2026-10-11T00:00:00
5567502,100774,EPARGNE,CAD,2026-10-11T00:00:00
5106324,550919,CHEQUE,CAD,2026-10-11T00:00:00
2030676,860139,EPARGNE,CAD,2026-10-11T00:00:00
6522116,614959,CHEQUE,USD,2026-10-11T00:00:00
1530684,547791,CHEQUE,CAD,2026-10-11T00:00:00
2891088,600071,EPARGNE,CAD,2026-10-11T00:00:00
5946429,259469,CHEQUE,USD,2026-10-11T00:00:00
9819495,525084,EPARGNE,CAD,2026-10-11T00:00:00
8838135,385808,CHEQUE,USD,2026-10-11T00:00:00
8574335,890276,CHEQUE,USD,2026-10-11T00:00:00
3020930,908774,CHEQUE,USD,2026-10-11T00:00:00
1967573,426703,CHEQUE,USD,2026-10-11T00:00:00
2647299,278318,EPARGNE,USD,2026-10-11T00:00:00
5276905,778948,EPARGNE,CAD,2026-10-11T00:00:00
4892681,130951,EPARGNE,CAD,2026-10-11T00:00:00
6292587,447906,EPARGNE,USD,2026-10-11T00:00:00
9480801,649622,CHEQUE,USD,2026-10-11T00:00:00
2033454,199562,EPARGNE,CAD,2026-10-11T00:00:00
9843272,518102,CHEQUE,CAD,2026-10-11T00:00:00
2210165,254235,EPARGNE,USD,2026-10-11T00:00:00
6314650,400223,EPARGNE,CAD,2026-10-11T00:00:00
2669690,410180,EPARGNE,CAD,2026-10-11T00:00:00
1330370,856843,CHEQUE,USD,2026-10-11T00:00:00
1688374,941743,CHEQUE,USD,2026-10-11T00:00:00
7719758,309775,EPARGNE,CAD,2026-10-11T00:00:00
9461728,423834,CHEQUE,CAD,2026-10-11T00:00:00
7715377,243969,CHEQUE,CAD,2026-10-11T00:00:00
1010744,702471,CHEQUE,USD,2026-10-11T00:00:00
6156486,144369,EPARGNE,CAD,2026-10-11T00:00:00
6946377,632843,CHEQUE,USD,2026-10-11T00:00:00
4683930,818308,EPARGNE,USD,2026-10-11T00:00:00
8980173,184023,EPARGNE,CAD,2026-10-11T00:00:00
7210804,780222,CHEQUE,CAD,2026-10-11T00:00:00
4181779,974449,EPARGNE,USD,2026-10-11T00:00:00
2441235,438993,CHEQUE,CAD,2026-10-11T00:00:00
2791198,471196,CHEQUE,CAD,2026-10-11T00:00:00
2548977,222341,EPARGNE,CAD,2026-10-11T00:00:00
1927280,492085,EPARGNE,CAD,2026-10-11T00:00:00
3088101,670215,CHEQUE,CAD,2026-10-11T00:00:00
7353284,619656,EPARGNE,USD,2026-10-11T00:00:00
5785138,200081,CHEQUE,USD,2026-10-11T00:00:00
9579276,400643,CHEQUE,CAD,2026-10-11T00:00:00
1164015,770488,CHEQUE,CAD,2026-10-11T00:00:00
6928563,286425,CHEQUE,CAD,2026-10-11T00:00:00
5920889,946617,EPARGNE,CAD,2026-10-11T00:00:00
2447517,881653,CHEQUE,USD,2026-10-11T00:00:00
7863081,611301,CHEQUE,USD,2026-10-11T00:00:00
9170097,824132,EPARGNE,CAD,2026-10-11T00:00:00
5147794,514247,CHEQUE,USD,2026-10-11T00:00:00
5083350,445283,EPARGNE,USD,2026-10-11T00:00:00
6159658,441879,EPARGNE,USD,2026-10-11T00:00:00
1788429,556662,EPARGNE,USD,2026-10-11T00:00:00
1020799,361745,CHEQUE,CAD,2026-10-11T00:00:00
3454588,937464,EPARGNE,CAD,2026-10-11T00:00:00
1864110,146444,EPARGNE,CAD,2026-10-11T00:00:00
5848060,608305,CHEQUE,USD,2026-10-11T00:00:00
3838776,502748,CHEQUE,USD,2026-10-11T00:00:00
3734198,687673,CHEQUE,CAD,2026-10-11T00:00:00
8895661,768344,CHEQUE,USD,2026-10-11T00:00:00
9634615,114100,EPARGNE,CAD,2026-10-11T00:00:00
4948997,141136,EPARGNE,USD,2026-10-11T00:00:00
6070337,993789,CHEQUE,CAD,2026-10-11T00:00:00
3994325,350151,CHEQUE,USD,2026-10-11T00:00:00
9060409,438880,EPARGNE,USD,2026-10-11T00:00:00
3394994,391314,CHEQUE,CAD,2026-10-11T00:00:00
8140576,966554,CHEQUE,CAD,2026-10-11T00:00:00
1709099,316386,EPARGNE,CAD,2026-10-11T00:00:00
9968865,818806,CHEQUE,USD,2026-10-11T00:00:00
9887593,808678,EPARGNE,CAD,2026-10-11T00:00:00
1973154,907702,CHEQUE,CAD,2026-10-11T00:00:00
3259013,291479,CHEQUE,CAD,2026-10-11T00:00:00
4650957,316565,CHEQUE,CAD,2026-10-11T00:00:00
5271830,825666,CHEQUE,CAD,2026-10-11T00:00:00
7948038,819083,EPARGNE,CAD,2026-10-11T00:00:00
5848305,542624,EPARGNE,USD,2026-10-11T00:00:00
6115905,322518,CHEQUE,USD,2026-10-11T00:00:00
2169898,454363,CHEQUE,CAD,2026-10-11T00:00:00
9415135,483018,CHEQUE,CAD,2026-10-11T00:00:00
5424984,835139,CHEQUE,CAD,2026-10-11T00:00:00
5861004,601460,CHEQUE,USD,2026-10-11T00:00:00
5735516,449858,CHEQUE,USD,2026-10-11T00:00:00
8348602,563917,EPARGNE,CAD,2026-10-11T00:00:00
9733718,757242,CHEQUE,CAD,2026-10-11T00:00:00
6993652,149506,EPARGNE,USD,2026-10-11T00:00:00
8724728,621377,CHEQUE,USD,2026-10-11T00:00:00
9467673,369148,EPARGNE,CAD,2026-10-11T00:00:00
6554576,120080,EPARGNE,USD,2026-10-11T00:00:00
7683519,717188,CHEQUE,CAD,2026-10-11T00:00:00
1661213,852177,EPARGNE,USD,2026-10-11T00:00:00
5368807,514980,EPARGNE,CAD,2026-10-11T00:00:00
1142224,123185,EPARGNE,CAD,2026-10-11T00:00:00
1683091,348199,EPARGNE,CAD,2026-10-11T00:00:00
2972811,955597,CHEQUE,CAD,2026-10-11T00:00:00
9568236,364455,EPARGNE,USD,2026-10-11T00:00:00
1278476,483422,CHEQUE,USD,2026-10-11T00:00:00
4041868,313000,CHEQUE,CAD,2026-10-11T00:00:00
7047074,360413,CHEQUE,CAD,2026-10-11T00:00:00
5184825,127315,CHEQUE,USD,2026-10-11T00:00:00
3095567,678386,CHEQUE,CAD,2026-10-11T00:00:00
3338951,676754,CHEQUE,CAD,2026-10-11T00:00:00
1377483,702107,EPARGNE,CAD,2026-10-11T00:00:00
8747796,527143,CHEQUE,CAD,2026-10-11T00:00:00
3897204,626170,EPARGNE,USD,2026-10-11T00:00:00
3867648,349749,EPARGNE,USD,2026-10-11T00:00:00
6623200,177545,CHEQUE,CAD,2026-10-11T00:00:00
6749019,180114,EPARGNE,USD,2026-10-11T00:00:00
4876346,466709,EPARGNE,CAD,2026-10-11T00:00:00
9974733,350449,EPARGNE,USD,2026-10-11T00:00:00
8498856,810216,EPARGNE,CAD,2026-10-11T00:00:00
5484701,761116,EPARGNE,USD,2026-10-11T00:00:00
5432724,131777,CHEQUE,CAD,2026-10-11T00:00:00
9664196,831521,EPARGNE,CAD,2026-10-11T00:00:00
8048275,847840,EPARGNE,USD,2026-10-11T00:00:00
8794414,984196,CHEQUE,USD,2026-10-11T00:00:00
1500132,467003,EPARGNE,CAD,2026-10-11T00:00:00
8661422,516556,EPARGNE,USD,2026-10-11T00:00:00
5673246,326284,CHEQUE,USD,2026-10-11T00:00:00
6452647,361192,EPARGNE,USD,2026-10-11T00:00:00
4716958,808761,CHEQUE,USD,2026-10-11T00:00:00
6427039,672907,EPARGNE,USD,2026-10-11T00:00:00
3526805,896466,CHEQUE,USD,2026-10-11T00:00:00
9033108,431018,CHEQUE,USD,2026-10-11T00:00:00
8172225,795097,EPARGNE,CAD,2026-10-11T00:00:00
5532804,633116,EPARGNE,CAD,2026-10-11T00:00:00
8311589,421842,EPARGNE,CAD,2026-10-11T00:00:00
1741245,694873,EPARGNE,CAD,2026-10-11T00:00:00
5716465,318246,CHEQUE,CAD,2026-10-11T00:00:00
5926634,961319,EPARGNE,USD,2026-10-11T00:00:00
7481966,635772,CHEQUE,USD,2026-10-11T00:00:00
9297854,753567,EPARGNE,USD,2026-10-11T00:00:00
5714084,981653,EPARGNE,CAD,2026-10-11T00:00:00
1840955,525511,CHEQUE,USD,2026-10-11T00:00:00
8068270,590741,CHEQUE,USD,2026-10-11T00:00:00
8643848,572417,CHEQUE,CAD,2026-10-11T00:00:00
1811498,398219,EPARGNE,USD,2026-10-11T00:00:00
4873195,429324,CHEQUE,CAD,2026-10-11T00:00:00
7443235,657765,CHEQUE,CAD,2026-10-11T00:00:00
4034314,100610,EPARGNE,USD,2026-10-11T00:00:00
5738435,307147,CHEQUE,USD,2026-10-11T00:00:00
8474203,320867,EPARGNE,USD,2026-10-11T00:00:00
7961755,343023,EPARGNE,CAD,2026-10-11T00:00:00
1745929,198522,EPARGNE,USD,2026-10-11T00:00:00
8518073,355503,CHEQUE,USD,2026-10-11T00:00:00
6553132,551086,CHEQUE,CAD,2026-10-11T00:00:00
8327283,900891,EPARGNE,CAD,2026-10-11T00:00:00
7183851,903528,EPARGNE,USD,2026-10-11T00:00:00
7360132,670199,EPARGNE,CAD,2026-10-11T00:00:00
8382470,825290,EPARGNE,USD,2026-10-11T00:00:00
2684966,565490,CHEQUE,CAD,2026-10-11T00:00:00
2744896,321878,CHEQUE,USD,2026-10-11T00:00:00
6667299,633729,EPARGNE,USD,2026-10-11T00:00:00
5116733,889170,CHEQUE,USD,2026-10-11T00:00:00
8175677,714008,CHEQUE,USD,2026-10-11T00:00:00
9184240,647543,CHEQUE,USD,2026-10-11T00:00:00
2258130,492122,CHEQUE,CAD,2026-10-11T00:00:00
7738000,678324,EPARGNE,CAD,2026-10-11T00:00:00
5110573,631322,CHEQUE,CAD,2026-10-11T00:00:00
3965584,133310,EPARGNE,USD,2026-10-11T00:00:00
5679453,200907,EPARGNE,USD,2026-10-11T00:00:00
8474583,216748,CHEQUE,USD,2026-10-11T00:00:00
3744698,428423,EPARGNE,USD,2026-10-11T00:00:00
8069332,256660,CHEQUE,CAD,2026-10-11T00:00:00
5190574,993520,CHEQUE,CAD,2026-10-11T00:00:00
5191411,645568,EPARGNE,CAD,2026-10-11T00:00:00
5263912,457705,CHEQUE,CAD,2026-10-11T00:00:00
5808448,163415,CHEQUE,USD,2026-10-11T00:00:00
7679729,901548,CHEQUE,USD,2026-10-11T00:00:00
6820584,693605,EPARGNE,USD,2026-10-11T00:00:00
2763990,898709,CHEQUE,USD,2026-10-11T00:00:00
9740101,204275,EPARGNE,CAD,2026-10-11T00:00:00
6140492,443820,EPARGNE,USD,2026-10-11T00:00:00
9724549,383639,EPARGNE,CAD,2026-10-11T00:00:00
7818578,802974,CHEQUE,USD,2026-10-11T00:00:00
3091839,273327,CHEQUE,CAD,2026-10-11T00:00:00
6987801,435824,EPARGNE,CAD,2026-10-11T00:00:00
3562572,391621,EPARGNE,CAD,2026-10-11T00:00:00
5663743,450276,EPARGNE,USD,2026-10-11T00:00:00
9658821,487927,CHEQUE,CAD,2026-10-11T00:00:00
5198765,275611,CHEQUE,USD,2026-10-11T00:00:00
5847493,325855,EPARGNE,USD,2026-10-11T00:00:00
2932051,618977,CHEQUE,CAD,2026-10-11T00:00:00
8136381,886700,EPARGNE,USD,2026-10-11T00:00:00
7434508,245024,CHEQUE,CAD,2026-10-11T00:00:00
3214865,746041,CHEQUE,CAD,2026-10-11T00:00:00
7551715,674726,CHEQUE,USD,2026-10-11T00:00:00
2381820,340135,CHEQUE,USD,2026-10-11T00:00:00
2267259,798146,EPARGNE,USD,2026-10-11T00:00:00
6639576,164582,CHEQUE,CAD,2026-10-11T00:00:00
7818722,534906,CHEQUE,CAD,2026-10-11T00:00:00
6770558,133258,CHEQUE,USD,2026-10-11T00:00:00
4616602,522835,CHEQUE,CAD,2026-10-11T00:00:00
6362905,629991,CHEQUE,CAD,2026-10-11T00:00:00
3875258,132427,CHEQUE,CAD,2026-10-11T00:00:00
8649481,783847,EPARGNE,USD,2026-10-11T00:00:00
9675557,814991,CHEQUE,USD,2026-10-11T00:00:00
6403050,495172,EPARGNE,USD,2026-10-11T00:00:00
9423645,748604,EPARGNE,USD,2026-10-11T00:00:00
8250123,862423,EPARGNE,USD,2026-10-11T00:00:00
3872909,298125,CHEQUE,CAD,2026-10-11T00:00:00
2116004,767592,CHEQUE,USD,2026-10-11T00:00:00
5329383,628422,EPARGNE,CAD,2026-10-11T00:00:00
7882805,631559,CHEQUE,USD,2026-10-11T00:00:00
1675162,202427,CHEQUE,CAD,2026-10-11T00:00:00
1509315,211117,EPARGNE,USD,2026-10-11T00:00:00
6961477,368302,CHEQUE,USD,2026-10-11T00:00:00
4342976,851255,EPARGNE,CAD,2026-10-11T00:00:00
2878271,153060,CHEQUE,USD,2026-10-11T00:00:00
2573477,524166,EPARGNE,CAD,2026-10-11T00:00:00
5278070,615591,EPARGNE,USD,2026-10-11T00:00:00
2855019,152166,CHEQUE,CAD,2026-10-11T00:00:00
8462342,297288,EPARGNE,CAD,2026-10-11T00:00:00
5729427,197726,EPARGNE,USD,2026-10-11T00:00:00
5518795,728986,CHEQUE,CAD,2026-10-11T00:00:00
7973832,862376,CHEQUE,USD,2026-10-11T00:00:00
4154886,923767,EPARGNE,USD,2026-10-11T00:00:00
8876976,648707,EPARGNE,USD,2026-10-11T00:00:00
1365141,324025,EPARGNE,CAD,2026-10-11T00:00:00
1064027,959414,CHEQUE,CAD,2026-10-11T00:00:00
8820364,598327,CHEQUE,CAD,2026-10-11T00:00:00
3314843,508730,EPARGNE,CAD,2026-10-11T00:00:00
6091627,553846,EPARGNE,USD,2026-10-11T00:00:00
7480471,789836,EPARGNE,CAD,2026-10-11T00:00:00
6961132,377566,EPARGNE,USD,2026-10-11T00:00:00
7107213,632653,EPARGNE,CAD,2026-10-11T00:00:00
5597168,946572,EPARGNE,CAD,2026-10-11T00:00:00
1708396,355159,EPARGNE,USD,2026-10-11T00:00:00
1887000,876886,CHEQUE,CAD,2026-10-11T00:00:00
3224178,686169,CHEQUE,CAD,2026-10-11T00:00:00
1957178,368057,CHEQUE,USD,2026-10-11T00:00:00
8240590,366029,EPARGNE,CAD,2026-10-11T00:00:00
4284040,639835,CHEQUE,CAD,2026-10-11T00:00:00
5623986,984601,EPARGNE,USD,2026-10-11T00:00:00
9533128,896830,EPARGNE,CAD,2026-10-11T00:00:00
7551854,545314,CHEQUE,CAD,2026-10-11T00:00:00
7247335,161119,CHEQUE,CAD,2026-10-11T00:00:00
2937378,926370,EPARGNE,USD,2026-10-11T00:00:00
7665784,890293,CHEQUE,USD,2026-10-11T00:00:00
6570995,999024,CHEQUE,CAD,2026-10-11T00:00:00
3677638,214533,EPARGNE,CAD,2026-10-11T00:00:00
8856069,606875,EPARGNE,USD,2026-10-11T00:00:00
8688358,834908,CHEQUE,USD,2026-10-11T00:00:00
7626848,312080,EPARGNE,CAD,2026-10-11T00:00:00
1279232,278153,CHEQUE,CAD,2026-10-11T00:00:00
9476520,763120,EPARGNE,CAD,2026-10-11T00:00:00
3015118,549623,CHEQUE,CAD,2026-10-11T00:00:00
6832454,406613,EPARGNE,USD,2026-10-11T00:00:00
5698052,154150,EPARGNE,CAD,2026-10-11T00:00:00
3510264,771884,CHEQUE,USD,2026-10-11T00:00:00
5589921,862752,CHEQUE,USD,2026-10-11T00:00:00
9385216,384165,EPARGNE,CAD,2026-10-11T00:00:00
1037268,191526,CHEQUE,USD,2026-10-11T00:00:00
7090212,777163,CHEQUE,USD,2026-10-11T00:00:00
2993269,564504,EPARGNE,CAD,2026-10-11T00:00:00
8147143,283266,CHEQUE,CAD,2026-10-11T00:00:00
4211286,228015,EPARGNE,USD,2026-10-11T00:00:00
8619727,178014,CHEQUE,USD,2026-10-11T00:00:00
4109122,570642,EPARGNE,USD,2026-10-11T00:00:00
4551730,886423,CHEQUE,USD,2026-10-11T00:00:00
2153325,814111,EPARGNE,CAD,2026-10-11T00:00:00
8553534,238645,EPARGNE,USD,2026-10-11T00:00:00
2051652,648973,CHEQUE,CAD,2026-10-11T00:00:00
9727631,947289,EPARGNE,USD,2026-10-11T00:00:00
7827064,761022,CHEQUE,USD,2026-10-11T00:00:00
4654132,396435,EPARGNE,USD,2026-10-11T00:00:00
1380387,271851,CHEQUE,USD,2026-10-11T00:00:00
6168222,555839,CHEQUE,CAD,2026-10-11T00:00:00
7508862,286891,CHEQUE,CAD,2026-10-11T00:00:00
1089981,376489,EPARGNE,USD,2026-10-11T00:00:00
1234155,707672,CHEQUE,CAD,2026-10-11T00:00:00
7104149,895668,CHEQUE,USD,2026-10-11T00:00:00
6503240,612466,CHEQUE,CAD,2026-10-11T00:00:00
7540351,643522,EPARGNE,USD,2026-10-11T00:00:00
7298173,860872,CHEQUE,CAD,2026-10-11T00:00:00
2175019,311142,CHEQUE,CAD,2026-10-11T00:00:00
7016919,789596,CHEQUE,CAD,2026-10-11T00:00:00
9290189,752691,CHEQUE,USD,2026-10-11T00:00:00
7498427,336746,CHEQUE,CAD,2026-10-11T00:00:00
8797583,114621,EPARGNE,CAD,2026-10-11T00:00:00
8136814,748076,EPARGNE,CAD,2026-10-11T00:00:00
8124665,803961,CHEQUE,USD,2026-10-11T00:00:00
8164255,678064,CHEQUE,CAD,2026-10-11T00:00:00
3907320,212590,CHEQUE,CAD,2026-10-11T00:00:00
8629195,856720,CHEQUE,USD,2026-10-11T00:00:00
7055180,930261,CHEQUE,CAD,2026-10-11T00:00:00
8114543,212332,EPARGNE,USD,2026-10-11T00:00:00
4490372,634003,EPARGNE,CAD,2026-10-11T00:00:00
5672625,548718,CHEQUE,CAD,2026-10-11T00:00:00
1190403,125058,CHEQUE,USD,2026-10-11T00:00:00
7574682,558210,CHEQUE,CAD,2026-10-11T00:00:00
6404807,699234,EPARGNE,USD,2026-10-11T00:00:00
1161413,417210,EPARGNE,USD,2026-10-11T00:00:00
9258748,214489,EPARGNE,USD,2026-10-11T00:00:00
1715941,538096,CHEQUE,USD,2026-10-11T00:00:00
3964604,987390,EPARGNE,USD,2026-10-11T00:00:00
4857173,900820,CHEQUE,CAD,2026-10-11T00:00:00
6734518,952982,CHEQUE,USD,2026-10-11T00:00:00
2346019,920915,EPARGNE,CAD,2026-10-11T00:00:00
1662088,799598,CHEQUE,CAD,2026-10-11T00:00:00
3270969,904418,CHEQUE,CAD,2026-10-11T00:00:00
4753038,242042,CHEQUE,CAD,2026-10-11T00:00:00
3097723,546355,CHEQUE,CAD,2026-10-11T00:00:00
1797917,954447,EPARGNE,CAD,2026-10-11T00:00:00
2427406,546990,EPARGNE,USD,2026-10-11T00:00:00
8571230,532511,CHEQUE,USD,2026-10-11T00:00:00
4218134,725408,CHEQUE,USD,2026-10-11T00:00:00
8276421,205915,CHEQUE,USD,2026-10-11T00:00:00
7870725,674430,EPARGNE,CAD,2026-10-11T00:00:00
9016268,396325,EPARGNE,CAD,2026-10-11T00:00:00
6431728,233984,EPARGNE,USD,2026-10-11T00:00:00
4084959,933680,EPARGNE,CAD,2026-10-11T00:00:00
2278920,888598,EPARGNE,USD,2026-10-11T00:00:00
7683945,349215,EPARGNE,CAD,2026-10-11T00:00:00
9170910,773558,CHEQUE,CAD,2026-10-11T00:00:00
3525581,862648,CHEQUE,USD,2026-10-11T00:00:00
6795677,269768,CHEQUE,CAD,2026-10-11T00:00:00
1124065,425120,CHEQUE,USD,2026-10-11T00:00:00
2576686,454548,CHEQUE,USD,2026-10-11T00:00:00
7769913,793988,EPARGNE,CAD,2026-10-11T00:00:00
3161371,403569,CHEQUE,CAD,2026-10-11T00:00:00
6900123,586716,EPARGNE,CAD,2026-10-11T00:00:00
9417796,245829,CHEQUE,USD,2026-10-11T00:00:00
6493597,551418,CHEQUE,CAD,2026-10-11T00:00:00
9103143,711293,CHEQUE,CAD,2026-10-11T00:00:00
8647272,876274,CHEQUE,USD,2026-10-11T00:00:00
2668272,216135,EPARGNE,USD,2026-10-11T00:00:00
6285605,416805,EPARGNE,CAD,2026-10-11T00:00:00
5306129,846439,CHEQUE,USD,2026-10-11T00:00:00
4608520,767354,EPARGNE,CAD,2026-10-11T00:00:00
4048170,973813,CHEQUE,CAD,2026-10-11T00:00:00
1038340,267376,EPARGNE,USD,2026-10-11T00:00:00
9195847,372906,EPARGNE,CAD,2026-10-11T00:00:00
4787679,301976,EPARGNE,USD,2026-10-11T00:00:00
7076317,405748,CHEQUE,CAD,2026-10-11T00:00:00
4183695,721702,EPARGNE,CAD,2026-10-11T00:00:00
6269384,359577,CHEQUE,USD,2026-10-11T00:00:00
7250293,522245,CHEQUE,CAD,2026-10-11T00:00:00
6090179,221258,CHEQUE,CAD,2026-10-11T00:00:00
9322486,281327,EPARGNE,USD,2026-10-11T00:00:00
1802371,152359,EPARGNE,USD,2026-10-11T00:00:00
9023313,520364,CHEQUE,USD,2026-10-11T00:00:00
6856293,740273,CHEQUE,USD,2026-10-11T00:00:00
1849529,238267,EPARGNE,CAD,2026-10-11T00:00:00
1208451,727659,CHEQUE,CAD,2026-10-11T00:00:00
7896018,340823,CHEQUE,CAD,2026-10-11T00:00:00
8510691,377397,CHEQUE,CAD,2026-10-11T00:00:00
7846081,152995,CHEQUE,CAD,2026-10-11T00:00:00
4726776,904064,CHEQUE,CAD,2026-10-11T00:00:00
4286872,903944,EPARGNE,CAD,2026-10-11T00:00:00
5236100,201880,CHEQUE,USD,2026-10-11T00:00:00
4423572,251096,EPARGNE,USD,2026-10-11T00:00:00
9356752,794022,CHEQUE,CAD,2026-10-11T00:00:00
4757778,235358,CHEQUE,CAD,2026-10-11T00:00:00
4646348,769572,CHEQUE,CAD,2026-10-11T00:00:00
3358382,442868,CHEQUE,USD,2026-10-11T00:00:00
6135664,148571,EPARGNE,USD,2026-10-11T00:00:00
4517344,109508,EPARGNE,USD,2026-10-11T00:00:00
1119148,338029,CHEQUE,USD,2026-10-11T00:00:00
4378891,180631,EPARGNE,CAD,2026-10-11T00:00:00
9215487,602691,EPARGNE,USD,2026-10-11T00:00:00
8219148,537774,CHEQUE,CAD,2026-10-11T00:00:00
3474649,225679,EPARGNE,CAD,2026-10-11T00:00:00
2679135,676225,EPARGNE,CAD,2026-10-11T00:00:00
4995042,845474,CHEQUE,USD,2026-10-11T00:00:00
5030302,744486,EPARGNE,CAD,2026-10-11T00:00:00
6597691,786597,EPARGNE,CAD,2026-10-11T00:00:00
3567904,488771,CHEQUE,CAD,2026-10-11T00:00:00
2217729,473548,EPARGNE,CAD,2026-10-11T00:00:00
8445583,789564,CHEQUE,USD,2026-10-11T00:00:00
7450404,422983,EPARGNE,USD,2026-10-11T00:00:00
4111275,698342,CHEQUE,USD,2026-10-11T00:00:00
6521669,865119,CHEQUE,CAD,2026-10-11T00:00:00
2067057,188110,EPARGNE,USD,2026-10-11T00:00:00
1778231,935684,EPARGNE,CAD,2026-10-11T00:00:00
1729687,915875,CHEQUE,CAD,2026-10-11T00:00:00
3133156,333410,CHEQUE,CAD,2026-10-11T00:00:00
1420235,835218,CHEQUE,CAD,2026-10-11T00:00:00
3556633,640199,EPARGNE,USD,2026-10-11T00:00:00
2005084,308080,EPARGNE,USD,2026-10-11T00:00:00
4269976,266189,EPARGNE,USD,2026-10-11T00:00:00
2812506,974882,EPARGNE,CAD,2026-10-11T00:00:00
3363863,525985,CHEQUE,CAD,2026-10-11T00:00:00
2637576,541165,CHEQUE,CAD,2026-10-11T00:00:00
6964847,828515,CHEQUE,CAD,2026-10-11T00:00:00
7273685,681101,EPARGNE,CAD,2026-10-11T00:00:00
5454157,369251,CHEQUE,USD,2026-10-11T00:00:00
1565292,266785,EPARGNE,USD,2026-10-11T00:00:00
9538743,376022,CHEQUE,CAD,2026-10-11T00:00:00
8312606,641036,EPARGNE,USD,2026-10-11T00:00:00
7715175,208013,EPARGNE,USD,2026-10-11T00:00:00
6957025,724059,EPARGNE,USD,2026-10-11T00:00:00
9216935,317608,EPARGNE,USD,2026-10-11T00:00:00
6684310,930964,EPARGNE,CAD,2026-10-11T00:00:00
8067430,448439,EPARGNE,CAD,2026-10-11T00:00:00
6910931,452045,EPARGNE,CAD,2026-10-11T00:00:00
6870537,795116,CHEQUE,CAD,2026-10-11T00:00:00
3435304,401281,EPARGNE,USD,2026-10-11T00:00:00
6869465,263521,EPARGNE,CAD,2026-10-11T00:00:00
4590840,571209,EPARGNE,USD,2026-10-11T00:00:00
4895064,625024,EPARGNE,CAD,2026-10-11T00:00:00
9272429,568284,CHEQUE,CAD,2026-10-11T00:00:00
2588303,190036,EPARGNE,CAD,2026-10-11T00:00:00
6356261,487577,EPARGNE,USD,2026-10-11T00:00:00
2564583,202477,EPARGNE,USD,2026-10-11T00:00:00
4674175,947747,EPARGNE,USD,2026-10-11T00:00:00
2111754,833544,CHEQUE,CAD,2026-10-11T00:00:00
1606783,444213,EPARGNE,CAD,2026-10-11T00:00:00
1915756,924059,EPARGNE,USD,2026-10-11T00:00:00
6003893,255672,CHEQUE,USD,2026-10-11T00:00:00
1787690,555331,CHEQUE,USD,2026-10-11T00:00:00
1264127,829591,CHEQUE,USD,2026-10-11T00:00:00
2822459,597895,EPARGNE,USD,2026-10-11T00:00:00
9478365,289915,CHEQUE,CAD,2026-10-11T00:00:00
6482802,539976,CHEQUE,CAD,2026-10-11T00:00:00
4074800,963804,EPARGNE,USD,2026-10-11T00:00:00
3527583,197877,EPARGNE,USD,2026-10-11T00:00:00
5527509,260363,EPARGNE,USD,2026-10-11T00:00:00
3841300,884366,CHEQUE,CAD,2026-10-11T00:00:00
3809998,751438,EPARGNE,USD,2026-10-11T00:00:00
9579343,570329,CHEQUE,CAD,2026-10-11T00:00:00
5842222,784294,EPARGNE,USD,2026-10-11T00:00:00
8190196,660579,CHEQUE,CAD,2026-10-11T00:00:00
2946657,981628,EPARGNE,CAD,2026-10-11T00:00:00
1810105,156192,CHEQUE,USD,2026-10-11T00:00:00
4268514,761532,CHEQUE,USD,2026-10-11T00:00:00
8548769,569623,EPARGNE,USD,2026-10-11T00:00:00
4591848,877167,CHEQUE,USD,2026-10-11T00:00:00
1634125,992179,EPARGNE,CAD,2026-10-11T00:00:00
5521586,190573,CHEQUE,CAD,2026-10-11T00:00:00
9470865,965802,CHEQUE,USD,2026-10-11T00:00:00
1687631,644872,EPARGNE,USD,2026-10-11T00:00:00
4264711,339532,CHEQUE,CAD,2026-10-11T00:00:00
8833914,317211,CHEQUE,CAD,2026-10-11T00:00:00
9642628,433253,CHEQUE,USD,2026-10-11T00:00:00
4652428,284777,EPARGNE,CAD,2026-10-11T00:00:00
4951631,255763,CHEQUE,USD,2026-10-11T00:00:00
1655160,720365,EPARGNE,CAD,2026-10-11T00:00:00
7029973,121074,EPARGNE,CAD,2026-10-11T00:00:00
4948212,158290,EPARGNE,CAD,2026-10-11T00:00:00
2550639,468480,CHEQUE,CAD,2026-10-11T00:00:00
8186763,767211,EPARGNE,USD,2026-10-11T00:00:00
5808879,978237,EPARGNE,CAD,2026-10-11T00:00:00
1261651,285815,EPARGNE,USD,2026-10-11T00:00:00
5395596,984737,CHEQUE,CAD,2026-10-11T00:00:00
8702756,785192,EPARGNE,CAD,2026-10-11T00:00:00
3011390,182758,EPARGNE,USD,2026-10-11T00:00:00
4878106,739797,EPARGNE,CAD,2026-10-11T00:00:00
7347928,528764,CHEQUE,CAD,2026-10-11T00:00:00
4124690,837634,EPARGNE,USD,2026-10-11T00:00:00
7815171,822278,EPARGNE,USD,2026-10-11T00:00:00
6733022,460098,CHEQUE,USD,2026-10-11T00:00:00
6636282,539590,CHEQUE,USD,2026-10-11T00:00:00
2213666,828989,EPARGNE,CAD,2026-10-11T00:00:00
4101096,166265,EPARGNE,CAD,2026-10-11T00:00:00
4879751,730113,EPARGNE,CAD,2026-10-11T00:00:00
8595376,360035,EPARGNE,CAD,2026-10-11T00:00:00
8786609,741109,CHEQUE,CAD,2026-10-11T00:00:00
9165143,815473,EPARGNE,USD,2026-10-11T00:00:00
5228569,304787,EPARGNE,CAD,2026-10-11T00:00:00
4806407,586748,EPARGNE,CAD,2026-10-11T00:00:00
1164389,518593,EPARGNE,USD,2026-10-11T00:00:00
4432170,821142,CHEQUE,USD,2026-10-11T00:00:00
8630172,492607,EPARGNE,USD,2026-10-11T00:00:00
3948592,291757,CHEQUE,USD,2026-10-11T00:00:00
8919812,779287,EPARGNE,CAD,2026-10-11T00:00:00
1602331,176346,EPARGNE,CAD,2026-10-11T00:00:00
8434075,540597,EPARGNE,USD,2026-10-11T00:00:00
2385000,282290,CHEQUE,USD,2026-10-11T00:00:00
8348024,163678,CHEQUE,USD,2026-10-11T00:00:00
4134368,111474,EPARGNE,CAD,2026-10-11T00:00:00
1298108,783430,EPARGNE,CAD,2026-10-11T00:00:00
9201823,610363,CHEQUE,CAD,2026-10-11T00:00:00
6249283,717628,EPARGNE,USD,2026-10-11T00:00:00
9526420,194920,EPARGNE,CAD,2026-10-11T00:00:00
5705350,455656,CHEQUE,USD,2026-10-11T00:00:00
1899108,339245,EPARGNE,USD,2026-10-11T00:00:00
1557496,657218,CHEQUE,CAD,2026-10-11T00:00:00
6429423,392806,CHEQUE,USD,2026-10-11T00:00:00
8882196,898508,EPARGNE,USD,2026-10-11T00:00:00
9771102,640570,CHEQUE,CAD,2026-10-11T00:00:00
6292642,474327,EPARGNE,CAD,2026-10-11T00:00:00
7599381,451954,CHEQUE,USD,2026-10-11T00:00:00
4715415,506541,CHEQUE,CAD,2026-10-11T00:00:00
6650905,439217,EPARGNE,CAD,2026-10-11T00:00:00
7912827,242317,EPARGNE,USD,2026-10-11T00:00:00
6727236,320286,CHEQUE,USD,2026-10-11T00:00:00
7407868,535110,CHEQUE,CAD,2026-10-11T00:00:00
6250680,301831,CHEQUE,CAD,2026-10-11T00:00:00
2099651,857264,EPARGNE,USD,2026-10-11T00:00:00
6486153,375700,EPARGNE,USD,2026-10-11T00:00:00
1167840,317927,EPARGNE,USD,2026-10-11T00:00:00
9655072,243743,EPARGNE,USD,2026-10-11T00:00:00
1566753,278898,EPARGNE,USD,2026-10-11T00:00:00
4083594,780216,EPARGNE,USD,2026-10-11T00:00:00
8484669,856361,CHEQUE,CAD,2026-10-11T00:00:00
2970523,441532,EPARGNE,USD,2026-10-11T00:00:00
2553758,345340,EPARGNE,CAD,2026-10-11T00:00:00
6946279,423509,CHEQUE,USD,2026-10-11T00:00:00
8737641,480691,EPARGNE,USD,2026-10-11T00:00:00
6914266,984145,EPARGNE,USD,2026-10-11T00:00:00
1511806,587267,EPARGNE,CAD,2026-10-11T00:00:00
1839550,202265,EPARGNE,CAD,2026-10-11T00:00:00
7189323,610875,EPARGNE,CAD,2026-10-11T00:00:00
1697885,324726,CHEQUE,CAD,2026-10-11T00:00:00
5290007,987691,CHEQUE,CAD,2026-10-11T00:00:00
1598219,226511,EPARGNE,USD,2026-10-11T00:00:00
3486028,966160,CHEQUE,USD,2026-10-11T00:00:00
4744211,227899,EPARGNE,CAD,2026-10-11T00:00:00
7983544,101072,CHEQUE,CAD,2026-10-11T00:00:00
7380237,426957,CHEQUE,USD,2026-10-11T00:00:00
1374380,518542,EPARGNE,CAD,2026-10-11T00:00:00
6430658,788927,CHEQUE,CAD,2026-10-11T00:00:00
8319519,488866,EPARGNE,CAD,2026-10-11T00:00:00
6956688,254939,CHEQUE,CAD,2026-10-11T00:00:00
2305402,906508,EPARGNE,CAD,2026-10-11T00:00:00
6893266,731066,EPARGNE,CAD,2026-10-11T00:00:00
4598284,364427,EPARGNE,USD,2026-10-11T00:00:00
3015917,661376,EPARGNE,CAD,2026-10-11T00:00:00
9004652,376372,EPARGNE,CAD,2026-10-11T00:00:00
7962748,442704,CHEQUE,USD,2026-10-11T00:00:00
1776110,348697,EPARGNE,USD,2026-10-11T00:00:00
4081822,418212,CHEQUE,CAD,2026-10-11T00:00:00
4482877,608301,EPARGNE,CAD,2026-10-11T00:00:00
2299734,576684,CHEQUE,CAD,2026-10-11T00:00:00
4087787,722927,EPARGNE,USD,2026-10-11T00:00:00
3951724,657567,EPARGNE,CAD,2026-10-11T00:00:00
6587116,657104,EPARGNE,CAD,2026-10-11T00:00:00
4384971,594606,EPARGNE,CAD,2026-10-11T00:00:00
6989440,741819,CHEQUE,CAD,2026-10-11T00:00:00
3389042,189443,CHEQUE,USD,2026-10-11T00:00:00
8688132,330898,CHEQUE,USD,2026-10-11T00:00:00
3031966,168069,EPARGNE,USD,2026-10-11T00:00:00
5778488,817918,CHEQUE,CAD,2026-10-11T00:00:00
5588148,684869,CHEQUE,USD,2026-10-11T00:00:00
8518875,944477,CHEQUE,CAD,2026-10-11T00:00:00
6383144,916517,EPARGNE,CAD,2026-10-11T00:00:00
5987558,607037,CHEQUE,CAD,2026-10-11T00:00:00
3878477,713063,CHEQUE,USD,2026-10-11T00:00:00
8873431,927303,EPARGNE,USD,2026-10-11T00:00:00
6221140,634376,EPARGNE,USD,2026-10-11T00:00:00
4039670,804716,EPARGNE,CAD,2026-10-11T00:00:00
4243992,583721,CHEQUE,CAD,2026-10-11T00:00:00
5080204,799580,EPARGNE,CAD,2026-10-11T00:00:00
9153350,685084,CHEQUE,CAD,2026-10-11T00:00:00
3425107,759536,CHEQUE,USD,2026-10-11T00:00:00
1325206,272802,CHEQUE,USD,2026-10-11T00:00:00
8036289,903879,CHEQUE,CAD,2026-10-11T00:00:00
8560836,810116,CHEQUE,CAD,2026-10-11T00:00:00
5617219,203706,EPARGNE,CAD,2026-10-11T00:00:00
3803063,995028,EPARGNE,USD,2026-10-11T00:00:00
1613291,436219,EPARGNE,USD,2026-10-11T00:00:00
3896252,798643,CHEQUE,USD,2026-10-11T00:00:00
6147086,723045,EPARGNE,USD,2026-10-11T00:00:00
4795411,611859,CHEQUE,USD,2026-10-11T00:00:00
4917408,124067,EPARGNE,USD,2026-10-11T00:00:00
3249864,778498,EPARGNE,USD,2026-10-11T00:00:00
3448243,823681,EPARGNE,USD,2026-10-11T00:00:00
4298235,112416,CHEQUE,USD,2026-10-11T00:00:00
1273178,713050,CHEQUE,USD,2026-10-11T00:00:00
3666718,334924,EPARGNE,USD,2026-10-11T00:00:00
7745544,344683,EPARGNE,USD,2026-10-11T00:00:00
2543637,802918,EPARGNE,CAD,2026-10-11T00:00:00
4672780,277224,CHEQUE,CAD,2026-10-11T00:00:00
1033259,928169,EPARGNE,CAD,2026-10-11T00:00:00
8282413,679302,EPARGNE,CAD,2026-10-11T00:00:00
4599411,295972,EPARGNE,CAD,2026-10-11T00:00:00
9150085,194832,CHEQUE,USD,2026-10-11T00:00:00
7082578,851136,EPARGNE,CAD,2026-10-11T00:00:00
5212722,342722,CHEQUE,USD,2026-10-11T00:00:00
4850097,792968,CHEQUE,CAD,2026-10-11T00:00:00
5079485,109722,EPARGNE,USD,2026-10-11T00:00:00
5446337,169029,CHEQUE,CAD,2026-10-11T00:00:00
4584330,264739,EPARGNE,CAD,2026-10-11T00:00:00
3799563,255394,EPARGNE,CAD,2026-10-11T00:00:00
3134051,347870,EPARGNE,CAD,2026-10-11T00:00:00
4701816,976483,CHEQUE,CAD,2026-10-11T00:00:00
1489095,467457,CHEQUE,USD,2026-10-11T00:00:00
3331084,643421,EPARGNE,CAD,2026-10-11T00:00:00
8092206,418117,CHEQUE,USD,2026-10-11T00:00:00
1254376,725497,CHEQUE,USD,2026-10-11T00:00:00
4028130,763001,EPARGNE,USD,2026-10-11T00:00:00
7353661,172292,CHEQUE,USD,2026-10-11T00:00:00
8493142,823409,EPARGNE,CAD,2026-10-11T00:00:00
